-- phpMyAdmin SQL Dump
-- version 5.0.4
-- https://www.phpmyadmin.net/
--
-- Servidor: 127.0.0.1
-- Tiempo de generación: 17-07-2021 a las 18:12:54
-- Versión del servidor: 10.4.17-MariaDB
-- Versión de PHP: 7.4.13

SET SQL_MODE = "NO_AUTO_VALUE_ON_ZERO";
START TRANSACTION;
SET time_zone = "+00:00";


/*!40101 SET @OLD_CHARACTER_SET_CLIENT=@@CHARACTER_SET_CLIENT */;
/*!40101 SET @OLD_CHARACTER_SET_RESULTS=@@CHARACTER_SET_RESULTS */;
/*!40101 SET @OLD_COLLATION_CONNECTION=@@COLLATION_CONNECTION */;
/*!40101 SET NAMES utf8mb4 */;

--
-- Base de datos: `pos`
--

-- --------------------------------------------------------

--
-- Estructura de tabla para la tabla `cajas`
--

CREATE TABLE `cajas` (
  `id` int(11) NOT NULL,
  `numero_caja` varchar(10) COLLATE utf8_spanish_ci NOT NULL,
  `nombre` varchar(40) COLLATE utf8_spanish_ci NOT NULL,
  `folio` int(11) NOT NULL,
  `activo` tinyint(4) NOT NULL,
  `fecha_alta` timestamp NOT NULL DEFAULT current_timestamp() ON UPDATE current_timestamp(),
  `fecha_edit` timestamp NULL DEFAULT NULL
) ENGINE=InnoDB DEFAULT CHARSET=utf8 COLLATE=utf8_spanish_ci;

--
-- Volcado de datos para la tabla `cajas`
--

INSERT INTO `cajas` (`id`, `numero_caja`, `nombre`, `folio`, `activo`, `fecha_alta`, `fecha_edit`) VALUES
(1, '1', 'propietari@', 1, 1, '2021-01-26 02:31:23', NULL),
(2, '2', 'Emplead@', 2, 1, '2021-02-09 15:06:14', NULL);

-- --------------------------------------------------------

--
-- Estructura de tabla para la tabla `categorias`
--

CREATE TABLE `categorias` (
  `id` smallint(6) NOT NULL,
  `nombre` varchar(500) COLLATE utf8_spanish_ci NOT NULL,
  `activo` tinyint(4) NOT NULL DEFAULT 1,
  `fecha_alta` timestamp NOT NULL DEFAULT current_timestamp() ON UPDATE current_timestamp(),
  `fecha_edit` timestamp NULL DEFAULT NULL
) ENGINE=InnoDB DEFAULT CHARSET=utf8 COLLATE=utf8_spanish_ci;

--
-- Volcado de datos para la tabla `categorias`
--

INSERT INTO `categorias` (`id`, `nombre`, `activo`, `fecha_alta`, `fecha_edit`) VALUES
(1, 'medicamento', 1, '2021-01-08 15:04:15', '2021-01-08 15:04:15'),
(4, 'COSMETICOS', 1, '2021-02-12 18:14:47', '2021-02-12 18:14:47'),
(5, 'BEBIDA', 1, '2021-02-12 18:24:22', '2021-02-12 18:24:22');

-- --------------------------------------------------------

--
-- Estructura de tabla para la tabla `clientes`
--

CREATE TABLE `clientes` (
  `id` int(11) NOT NULL,
  `nombre` varchar(100) COLLATE utf8_spanish_ci NOT NULL,
  `direccion` varchar(150) COLLATE utf8_spanish_ci DEFAULT NULL,
  `telefono` varchar(20) COLLATE utf8_spanish_ci DEFAULT NULL,
  `correo` varchar(50) COLLATE utf8_spanish_ci DEFAULT NULL,
  `activo` tinyint(4) NOT NULL DEFAULT 1,
  `fecha_alta` timestamp NOT NULL DEFAULT current_timestamp() ON UPDATE current_timestamp(),
  `fecha_edit` timestamp NULL DEFAULT NULL
) ENGINE=InnoDB DEFAULT CHARSET=utf8 COLLATE=utf8_spanish_ci;

--
-- Volcado de datos para la tabla `clientes`
--

INSERT INTO `clientes` (`id`, `nombre`, `direccion`, `telefono`, `correo`, `activo`, `fecha_alta`, `fecha_edit`) VALUES
(1, 'Cliente común', 'San Antonio pajonal', '23424545345', 'cliente@gmail.com', 1, '2021-01-26 02:34:00', '2021-01-26 02:34:00');

-- --------------------------------------------------------

--
-- Estructura de tabla para la tabla `compras`
--

CREATE TABLE `compras` (
  `id` int(11) NOT NULL,
  `folio` varchar(15) COLLATE utf8_spanish_ci NOT NULL,
  `total` decimal(10,2) NOT NULL,
  `id_usuario` int(11) NOT NULL,
  `activo` tinyint(4) NOT NULL DEFAULT 1,
  `fecha_alta` date DEFAULT NULL
) ENGINE=InnoDB DEFAULT CHARSET=utf8 COLLATE=utf8_spanish_ci;

--
-- Volcado de datos para la tabla `compras`
--

INSERT INTO `compras` (`id`, `folio`, `total`, `id_usuario`, `activo`, `fecha_alta`) VALUES
(28, '602d7c7f53de4', '31.24', 1, 1, '2021-02-17'),
(29, '603529c71ba8c', '8.00', 1, 1, '2021-02-23'),
(30, '603533fc1c09b', '8.20', 1, 1, '2021-02-23'),
(31, '60f2fafebe214', '8.00', 4, 1, '2021-07-17');

-- --------------------------------------------------------

--
-- Estructura de tabla para la tabla `configuracion`
--

CREATE TABLE `configuracion` (
  `id` int(11) NOT NULL,
  `nombre` varchar(50) COLLATE utf8_spanish_ci NOT NULL,
  `valor` varchar(100) COLLATE utf8_spanish_ci NOT NULL
) ENGINE=InnoDB DEFAULT CHARSET=utf8 COLLATE=utf8_spanish_ci;

--
-- Volcado de datos para la tabla `configuracion`
--

INSERT INTO `configuracion` (`id`, `nombre`, `valor`) VALUES
(1, 'Tienda_nombre', 'Venta de Medicina Bendición de Dios'),
(2, 'tienda_rfc', 'xxaxx000000xxx1'),
(3, 'Tienda_telefono', '12345'),
(4, 'tienda_email', 'tienda@cdp.com1'),
(5, 'Tienda_Direccion', 'Centro san Antonio pajonal'),
(6, 'ticket_leyenda', 'Gracias por su compra amigo!');

-- --------------------------------------------------------

--
-- Estructura de tabla para la tabla `detalle_compra`
--

CREATE TABLE `detalle_compra` (
  `id` int(11) NOT NULL,
  `factura` varchar(100) COLLATE utf8_spanish_ci DEFAULT NULL,
  `id_compra` int(11) NOT NULL,
  `id_producto` int(11) NOT NULL,
  `codigo` varchar(20) COLLATE utf8_spanish_ci DEFAULT NULL,
  `proveedor` varchar(250) COLLATE utf8_spanish_ci DEFAULT NULL,
  `nombre` varchar(200) COLLATE utf8_spanish_ci NOT NULL,
  `cantidad` int(11) NOT NULL,
  `precio` decimal(10,2) DEFAULT NULL,
  `fecha_alta` date DEFAULT NULL
) ENGINE=InnoDB DEFAULT CHARSET=utf8 COLLATE=utf8_spanish_ci;

--
-- Volcado de datos para la tabla `detalle_compra`
--

INSERT INTO `detalle_compra` (`id`, `factura`, `id_compra`, `id_producto`, `codigo`, `proveedor`, `nombre`, `cantidad`, `precio`, `fecha_alta`) VALUES
(32, '0811', 28, 726, 'Z1', 'UNISERFA, S.A DE C.V', 'ZORRITONE 120ML', 2, '2.26', '2021-02-17'),
(33, '0811', 28, 618, 'T14', 'UNISERFA, S.A DE C.V', 'TOSSEDAL 25ML', 2, '2.65', '2021-02-17'),
(34, '0811', 28, 469, 'N36', 'UNISERFA, S.A DE C.V', 'NOVALGINA', 100, '0.06', '2021-02-17'),
(35, '0811', 28, 681, 'V15 ', 'UNISERFA, S.A DE C.V', 'VICK INHALADOR', 4, '2.30', '2021-02-17'),
(36, '0811', 28, 730, 'V24', 'UNISERFA, S.A DE C.V', 'VISINE 15ML', 2, '3.11', '2021-02-17'),
(37, '34522', 29, 12, 'A1', 'soto', 'ABRILAR 100ML', 1, '8.00', '2021-02-21'),
(38, '23346', 30, 12, 'A1', 'soto', 'ABRILAR 100ML', 1, '8.00', '2021-02-21'),
(39, '55421', 30, 505, 'P3', 'soto', 'PANADOL DIA ', 1, '0.20', '2021-02-21'),
(40, '43556', 31, 12, 'A1', 'JUAN', 'ABRILAR 100ML', 1, '8.00', '2021-07-15');

-- --------------------------------------------------------

--
-- Estructura de tabla para la tabla `detalle_venta`
--

CREATE TABLE `detalle_venta` (
  `id` int(11) NOT NULL,
  `factura` varchar(100) COLLATE utf8_spanish_ci DEFAULT NULL,
  `id_venta` int(11) NOT NULL,
  `id_producto` int(11) NOT NULL,
  `codigo` varchar(20) COLLATE utf8_spanish_ci DEFAULT NULL,
  `nombre` varchar(200) COLLATE utf8_spanish_ci NOT NULL,
  `cantidad` int(11) NOT NULL,
  `precio` decimal(10,2) NOT NULL,
  `fecha_alta` date DEFAULT NULL
) ENGINE=InnoDB DEFAULT CHARSET=utf8 COLLATE=utf8_spanish_ci;

--
-- Volcado de datos para la tabla `detalle_venta`
--

INSERT INTO `detalle_venta` (`id`, `factura`, `id_venta`, `id_producto`, `codigo`, `nombre`, `cantidad`, `precio`, `fecha_alta`) VALUES
(45, '55532', 44, 12, 'A1', 'ABRILAR 100ML', 1, '12.00', '2021-02-22'),
(46, '23452', 45, 12, 'A1', 'ABRILAR 100ML', 2, '12.00', '2021-05-06'),
(47, '6544', 46, 12, 'A1', 'ABRILAR 100ML', 1, '12.00', '2021-05-13'),
(48, '7665', 47, 20, 'A10', 'ADEMIN ', 1, '5.00', '2021-05-24');

-- --------------------------------------------------------

--
-- Estructura de tabla para la tabla `productos`
--

CREATE TABLE `productos` (
  `id` int(11) NOT NULL,
  `codigo` varchar(20) COLLATE utf8_spanish_ci NOT NULL,
  `nombre` varchar(200) COLLATE utf8_spanish_ci NOT NULL,
  `precio_venta` decimal(10,2) NOT NULL,
  `precio_compra` decimal(10,2) NOT NULL,
  `costo_unitario` decimal(10,2) DEFAULT NULL,
  `existencias` int(11) NOT NULL DEFAULT 0,
  `inicial` int(11) DEFAULT 0,
  `stock_minimo` int(11) NOT NULL DEFAULT 0,
  `inventariable` tinyint(4) NOT NULL,
  `id_unidad` smallint(6) NOT NULL,
  `id_categoria` smallint(6) NOT NULL,
  `activo` tinyint(4) NOT NULL DEFAULT 1,
  `fecha_alta` timestamp NOT NULL DEFAULT current_timestamp() ON UPDATE current_timestamp(),
  `fecha_edit` timestamp NULL DEFAULT NULL
) ENGINE=InnoDB DEFAULT CHARSET=utf8 COLLATE=utf8_spanish_ci;

--
-- Volcado de datos para la tabla `productos`
--

INSERT INTO `productos` (`id`, `codigo`, `nombre`, `precio_venta`, `precio_compra`, `costo_unitario`, `existencias`, `inicial`, `stock_minimo`, `inventariable`, `id_unidad`, `id_categoria`, `activo`, `fecha_alta`, `fecha_edit`) VALUES
(12, 'A1', 'ABRILAR 100ML', '12.00', '8.00', '8.00', 1, 1, 1, 1, 7, 1, 1, '2021-07-17 15:45:43', NULL),
(13, 'A2', 'ACEITE DE AJO + PEREJIL ', '4.25', '2.42', '2.42', 0, 0, 1, 1, 1, 1, 0, '2021-02-12 19:42:22', NULL),
(14, 'A3', 'ACETAMINOFEN BEBE MK', '6.50', '4.53', '4.53', 3, 3, 1, 1, 12, 1, 1, '2021-02-12 18:15:44', NULL),
(15, 'A4', 'ACETAMINOFEN JARABE MK ', '3.35', '2.21', '2.21', 3, 3, 1, 1, 7, 1, 1, '2021-02-12 18:16:44', NULL),
(16, 'A5', 'ACETAMINOFEN MK', '1.00', '0.49', '0.49', 67, 67, 10, 1, 9, 1, 1, '2021-02-12 18:17:31', NULL),
(17, 'A6', 'ACICLOVIR CREMA', '2.50', '0.89', '0.89', 5, 5, 1, 1, 8, 1, 1, '2021-02-12 18:19:00', NULL),
(18, 'A8', 'ACIFOL X30', '4.50', '2.85', '2.85', 2, 2, 1, 1, 1, 1, 1, '2021-02-12 18:20:29', NULL),
(19, 'A9', 'ACIMED X25 ', '0.50', '0.28', '0.28', 9, 9, 10, 1, 10, 1, 1, '2021-02-12 18:21:22', NULL),
(20, 'A10', 'ADEMIN ', '5.00', '2.33', '2.33', 3, 4, 1, 1, 12, 1, 1, '2021-05-25 03:06:13', NULL),
(21, 'A11', 'ADEROGYL ADULTO', '6.00', '3.25', '3.25', 0, 0, 1, 0, 8, 1, 0, '2021-02-12 19:40:45', NULL),
(22, 'A12', 'ADEROGYL PEDIATRICO', '5.00', '3.55', '3.55', 0, 0, 1, 1, 8, 1, 0, '2021-02-12 19:41:55', NULL),
(23, 'A13', 'AGUA 1 LITRO', '0.60', '0.37', '0.37', 6, 6, 6, 1, 8, 5, 1, '2021-02-12 18:25:13', NULL),
(24, 'A14', 'AGUA MEDIANA', '0.50', '0.26', '0.26', 16, 16, 6, 1, 8, 5, 1, '2021-02-12 18:25:59', NULL),
(25, 'A16', 'AGUA PEQUEÑA', '0.35', '0.19', '0.19', 17, 17, 6, 1, 8, 5, 1, '2021-02-12 18:26:41', NULL),
(26, 'A17', 'ALBENDAZOL TAB SAIMED', '1.50', '0.41', '0.41', 0, 0, 3, 1, 1, 1, 1, '2021-02-12 18:28:20', NULL),
(27, 'A18', 'ALCOHOL 120ML ', '0.50', '0.33', '0.33', 182, 182, 10, 1, 8, 1, 1, '2021-02-12 19:06:35', NULL),
(28, 'A19', 'ALCOHOL 240ML', '1.50', '0.81', '0.81', 17, 17, 10, 1, 8, 1, 1, '2021-02-12 19:08:01', NULL),
(29, 'A20', 'ALCOHOL 750ML', '2.50', '1.64', '1.64', 4, 4, 10, 1, 8, 1, 1, '2021-02-12 19:08:49', NULL),
(30, 'A21', 'ALERFIN 110 ML', '4.50', '2.89', '2.89', 0, 0, 1, 1, 7, 1, 0, '2021-02-12 19:42:38', NULL),
(31, 'A22', 'ALERFIN COLIRIO', '4.00', '2.35', '2.35', 0, 0, 1, 1, 12, 1, 0, '2021-02-12 19:42:58', NULL),
(32, 'A23', 'ALERFIN TABLETA', '1.30', '0.85', '0.85', 3, 3, 6, 1, 9, 1, 1, '2021-02-12 19:11:54', NULL),
(33, 'A24', 'ALEVE PM', '0.30', '0.17', '0.17', 0, 0, 10, 1, 8, 1, 1, '2021-02-12 19:12:45', NULL),
(34, 'A25', 'ALEVE TABLETA', '0.25', '0.15', '0.15', 42, 42, 10, 1, 8, 1, 1, '2021-02-12 19:13:29', NULL),
(35, 'A27', 'ALICOL 120ML', '7.00', '4.83', '4.83', 2, 2, 1, 1, 7, 1, 1, '2021-02-12 19:14:12', NULL),
(36, 'A28', 'ALKA AD', '0.25', '0.15', '0.15', 67, 67, 10, 1, 8, 1, 1, '2021-02-12 19:14:55', NULL),
(37, 'A29', 'ALKA GASTRIC ', '0.30', '0.18', '0.18', 5, 5, 10, 1, 8, 1, 1, '2021-02-12 19:15:39', NULL),
(38, 'A30', 'ALKA SELTZER', '0.20', '0.11', '0.11', 72, 72, 10, 1, 8, 1, 1, '2021-02-12 19:16:42', NULL),
(39, 'A31', 'ALKA SELTZER EXTREME ', '0.25', '0.15', '0.15', 68, 68, 10, 1, 8, 1, 1, '2021-02-12 19:17:39', NULL),
(40, 'A33', 'AMBROXOL 120ML', '2.25', '1.24', '1.24', 6, 6, 1, 1, 7, 1, 1, '2021-02-12 19:18:38', NULL),
(41, 'A37', 'ANADENT ', '0.25', '0.14', '0.14', 22, 22, 10, 1, 8, 1, 1, '2021-02-12 19:19:22', NULL),
(42, 'A38', 'ANAFLAT COMPUESTA', '0.33', '0.18', '0.18', 40, 10, 10, 1, 8, 1, 1, '2021-02-12 19:20:04', NULL),
(43, 'A39', 'ANAFLAT ENZEMATICO', '0.28', '0.16', '0.16', 80, 80, 10, 1, 8, 1, 1, '2021-02-12 19:20:53', NULL),
(44, 'A40', 'ANAFLAT MASTICABLE', '0.25', '0.13', '0.13', 49, 49, 10, 1, 8, 1, 1, '2021-02-12 19:21:36', NULL),
(45, 'A41', 'ANARA', '0.25', '0.15', '0.15', 16, 16, 10, 1, 10, 1, 1, '2021-02-12 19:24:22', NULL),
(46, 'A42', 'ANARA GOTAS', '6.65', '5.00', '5.00', 0, 0, 1, 1, 12, 1, 1, '2021-02-12 19:25:05', NULL),
(47, 'A43', 'ANATRAN ', '0.16', '0.08', '0.08', 1, 1, 10, 1, 8, 1, 1, '2021-02-12 19:25:45', NULL),
(48, 'A44', 'ANCALMO COCO', '1.80', '1.12', '1.12', 0, 0, 2, 1, 8, 1, 1, '2021-02-12 19:26:35', NULL),
(49, 'A45', 'ANCALMO FRESA', '1.80', '1.12', '1.12', 0, 0, 2, 1, 8, 1, 1, '2021-02-12 19:27:15', NULL),
(50, 'A46', 'ANCALMO FRUTAS ', '1.80', '1.12', '1.12', 0, 0, 2, 1, 8, 1, 1, '2021-02-12 19:27:57', NULL),
(51, 'A47', 'ANCALMO NARANJA', '1.80', '1.12', '1.12', 0, 0, 2, 1, 8, 1, 1, '2021-02-12 19:28:38', NULL),
(52, 'A49', 'ANSIOKROL ', '0.70', '0.36', '0.36', 0, 0, 10, 1, 10, 1, 1, '2021-02-12 19:29:19', NULL),
(53, 'A50', 'ANSIOVIT ', '0.25', '0.14', '0.14', 101, 101, 10, 1, 8, 1, 1, '2021-02-12 19:30:04', NULL),
(54, 'A51', 'APETIPLEX TABLETA', '7.00', '3.23', '3.23', 1, 1, 1, 1, 1, 1, 1, '2021-02-12 19:30:47', NULL),
(55, 'A52', 'AQUA MAR SOLUCION SALINO', '7.00', '4.19', '4.19', 0, 0, 1, 1, 8, 1, 1, '2021-02-12 19:31:49', NULL),
(56, 'A54', 'ARGESYL FORTE ', '22.00', '15.49', '15.49', 2, 2, 1, 1, 1, 1, 1, '2021-02-12 19:33:45', NULL),
(57, 'A55', 'ARGININA FORTE ', '18.00', '13.21', '13.21', 0, 0, 1, 1, 1, 1, 1, '2021-02-12 19:34:32', NULL),
(58, 'A58', 'ARTRIBION 120G', '4.45', '2.58', '2.58', 2, 2, 1, 1, 8, 1, 1, '2021-02-12 19:35:50', NULL),
(59, 'A59', 'ARTRIBION 60G', '3.25', '2.11', '2.11', 0, 0, 1, 1, 8, 1, 1, '2021-02-12 19:36:30', NULL),
(60, 'A60', 'ARTRIBION CAPSULA ', '0.60', '0.37', '0.37', 35, 35, 10, 1, 10, 1, 1, '2021-02-12 19:37:12', NULL),
(61, 'A61', 'ARTRIFIN ', '0.70', '0.28', '0.28', 6, 6, 10, 1, 10, 1, 1, '2021-02-12 19:37:55', NULL),
(62, 'A62', 'ARTRIKON ', '0.70', '0.35', '0.35', 0, 0, 10, 1, 10, 1, 1, '2021-02-12 19:38:36', NULL),
(63, 'A63', 'ASEPXIA HIDRO CARBON ', '4.50', '3.13', '3.13', 0, 0, 1, 1, 8, 4, 1, '2021-02-13 20:43:11', NULL),
(64, 'A64', 'ASEPXIA AZUFRE', '3.75', '2.65', '2.65', 2, 2, 1, 1, 8, 4, 1, '2021-02-13 20:43:57', NULL),
(65, 'A65', 'ASEPXIA EXFOLIANTE', '3.50', '2.65', '2.65', 1, 1, 1, 1, 8, 4, 1, '2021-02-13 20:44:48', NULL),
(66, 'A66', 'ASEPXIA NEUTRO', '3.50', '1.96', '1.96', 0, 0, 1, 1, 8, 4, 1, '2021-02-13 20:45:32', NULL),
(67, 'A67', 'ASPIRINA FORTE', '0.15', '0.07', '0.07', 0, 0, 15, 1, 8, 1, 1, '2021-02-13 20:46:26', NULL),
(68, 'A68', 'ASPIRINA NIÑO', '1.25', '0.68', '0.68', 5, 5, 5, 1, 9, 1, 1, '2021-02-13 20:47:04', NULL),
(69, 'A70', 'AVAMIGRAM', '0.35', '0.22', '0.22', 190, 190, 20, 1, 8, 1, 1, '2021-02-13 20:48:00', NULL),
(70, 'A71', 'AZOSULFA', '0.35', '0.22', '0.22', 57, 57, 15, 1, 8, 1, 1, '2021-02-13 20:48:44', NULL),
(71, 'A72', 'AZUL DE METILENO', '2.00', '1.14', '1.14', 1, 1, 1, 1, 8, 1, 1, '2021-02-13 20:49:35', NULL),
(72, 'A73', 'ANTIFLU-DES CAP', '0.65', '0.44', '0.44', 56, 56, 15, 1, 8, 1, 1, '2021-02-13 20:50:23', NULL),
(73, 'A74', 'ACEITE RECINO', '3.50', '2.24', '2.24', 0, 0, 1, 1, 8, 1, 1, '2021-02-13 20:51:21', NULL),
(74, 'A76', 'ANTIFLU-DES PEDIATRICO', '12.24', '10.34', '10.34', 0, 0, 1, 1, 12, 1, 1, '2021-02-13 20:52:08', NULL),
(75, 'A77', 'ANTIFLU-DES JARABE', '11.84', '9.95', '9.95', 0, 0, 1, 1, 7, 1, 1, '2021-02-13 20:52:55', NULL),
(76, 'A78', 'APETIPLEX JARABE', '6.00', '3.28', '3.28', 2, 2, 1, 1, 7, 1, 1, '2021-02-13 20:53:42', NULL),
(77, 'A80', 'AGUA OXIGENADA', '1.40', '0.89', '0.89', 0, 0, 1, 1, 8, 1, 1, '2021-02-13 20:54:41', NULL),
(78, 'A81', 'ARRODEX FRESA', '3.75', '2.57', '2.57', 8, 8, 2, 1, 8, 1, 1, '2021-02-13 20:55:19', NULL),
(79, 'A82', 'ACEITE RECINO GAMEZ ', '2.75', '1.06', '1.06', 1, 1, 1, 1, 7, 1, 1, '2021-02-13 20:56:13', NULL),
(80, 'A83', 'ALBENDAZOL MK ', '3.75', '2.37', '2.37', 2, 2, 1, 0, 7, 1, 1, '2021-02-13 20:56:54', NULL),
(81, 'A84', 'ACIDO FUSIDICO ', '8.00', '3.98', '3.98', 2, 2, 1, 1, 8, 1, 1, '2021-02-13 20:57:52', NULL),
(82, 'A85', 'AMOEBRIZ X2 TAB', '14.00', '11.11', '11.11', 0, 0, 0, 1, 8, 1, 1, '2021-02-13 20:58:40', NULL),
(83, 'A86', 'AMOEBRIZ 60/20 MG ', '14.00', '11.10', '11.10', 0, 0, 1, 1, 7, 1, 1, '2021-02-13 20:59:25', NULL),
(84, 'A87', 'ARRODEX CEREZA', '3.75', '2.57', '2.57', 10, 10, 3, 1, 8, 1, 1, '2021-02-13 21:00:21', NULL),
(85, 'A88', 'AGUA OXIGENADA CAROSA', '1.40', '1.00', '1.00', 0, 0, 1, 1, 7, 1, 1, '2021-02-13 21:01:22', NULL),
(86, 'A89', 'ADEMAR C ADULTO ', '6.50', '3.45', '3.45', 1, 1, 1, 0, 1, 1, 1, '2021-02-13 21:02:23', NULL),
(87, 'A90', 'ACEITE DE RECINO SYM', '3.50', '1.77', '1.77', 2, 2, 1, 1, 7, 1, 1, '2021-02-13 21:03:52', NULL),
(88, 'A91', 'ARRODEX CANELA ', '3.75', '2.56', '2.56', 0, 0, 3, 0, 8, 1, 1, '2021-02-13 21:04:51', NULL),
(89, 'A93', 'ADEMAR INFANTIL', '6.25', '3.32', '3.32', 7, 7, 1, 1, 8, 1, 1, '2021-02-13 21:05:30', NULL),
(90, 'A94', 'ALERFIN LATA', '1.30', '0.85', '0.85', 3, 3, 2, 1, 8, 1, 1, '2021-02-13 21:06:37', NULL),
(91, 'A95', 'ALBENDAZOL MK X2 TAB', '2.18', '1.37', '1.37', 3, 3, 3, 1, 1, 1, 1, '2021-02-13 21:07:32', NULL),
(92, 'A96', 'AERO-OM 15ML', '6.70', '5.06', '5.06', 0, 0, 0, 1, 12, 1, 1, '2021-02-13 21:08:33', NULL),
(93, 'A95', 'ARCO PROCT CRAMA RETAL 20G', '6.50', '4.73', '4.73', 2, 2, 1, 1, 8, 1, 1, '2021-02-13 21:09:27', NULL),
(94, 'A98', 'APETIMAS PLUS 220ML', '5.00', '2.12', '2.12', 1, 1, 1, 1, 7, 1, 1, '2021-02-13 21:10:26', NULL),
(95, 'A99', 'AGUA OXIGENA ARGUELLO', '1.40', '0.74', '0.74', 4, 4, 2, 1, 8, 1, 1, '2021-02-13 21:11:26', NULL),
(96, 'A100', 'ANDIFENICOL COLIRIO', '2.00', '0.96', '0.96', 0, 0, 1, 1, 12, 1, 1, '2021-02-13 21:12:17', NULL),
(97, 'A101', 'ALGODÓN 25GR', '0.50', '0.31', '0.31', 15, 15, 5, 1, 8, 1, 1, '2021-02-13 21:13:09', NULL),
(98, 'A102', 'ALGODÓN 50GR', '1.00', '0.55', '0.55', 0, 0, 5, 1, 8, 1, 1, '2021-02-13 21:13:50', NULL),
(99, 'A103', 'ARRODEX NATURAL', '3.75', '2.57', '2.57', 5, 5, 3, 1, 8, 1, 1, '2021-02-13 21:14:31', NULL),
(100, 'A104', 'ACNESIL 20GR', '3.75', '2.21', '2.21', 1, 1, 1, 1, 8, 4, 1, '2021-02-13 21:15:14', NULL),
(101, 'A105', 'ANESTENKA 2ML', '3.00', '1.88', '1.88', 11, 11, 5, 1, 8, 1, 1, '2021-02-13 21:16:04', NULL),
(102, 'A106', 'ALGILASA CHILDREN 150ML', '10.00', '6.99', '6.99', 1, 1, 1, 1, 7, 1, 1, '2021-02-13 21:17:24', NULL),
(103, 'A107', 'ASEPXIA FORTE', '3.75', '2.59', '2.59', 2, 2, 1, 1, 8, 4, 1, '2021-02-13 21:18:09', NULL),
(104, 'B1', 'BACAOLINA ADULTO 240ML', '3.25', '2.01', '2.01', 2, 2, 1, 1, 7, 1, 1, '2021-02-13 21:19:25', NULL),
(105, 'B2', 'BACAOLINA ADULTO 480ML', '4.75', '2.75', '2.75', 0, 0, 1, 1, 7, 1, 1, '2021-02-13 21:20:08', NULL),
(106, 'B3', 'BACAOLINITA FRUTAS 240ML', '5.00', '3.36', '3.36', 3, 3, 1, 1, 7, 1, 1, '2021-02-13 21:21:06', NULL),
(107, 'B4', 'BACZOL ANTIGRIPAL 120ML', '6.00', '3.59', '3.59', 1, 1, 1, 1, 7, 1, 1, '2021-02-13 21:22:30', NULL),
(108, 'B5', 'BAYKID ', '0.20', '0.09', '0.09', 25, 25, 15, 1, 8, 1, 1, '2021-02-13 21:23:19', NULL),
(109, 'B6', 'BAYTALCID ', '0.30', '0.17', '0.17', 113, 113, 15, 1, 8, 1, 1, '2021-02-13 21:24:03', NULL),
(110, 'B7', 'BANDRIGESIC ', '0.33', '0.18', '0.18', 25, 25, 15, 1, 8, 1, 1, '2021-02-13 21:24:55', NULL),
(111, 'B8', 'BICARBONATO X50', '5.00', '2.76', '2.76', 0, 0, 1, 1, 1, 1, 1, '2021-02-13 21:25:48', NULL),
(112, 'B10', 'BONADEX 30ML', '5.45', '3.38', '3.38', 2, 2, 1, 1, 7, 1, 1, '2021-02-13 21:26:31', NULL),
(113, 'B11', 'BRONCOHELIX ', '10.00', '6.06', '6.06', 1, 1, 1, 1, 7, 1, 1, '2021-02-13 21:27:16', NULL),
(114, 'B12', 'BRONQUILAR', '8.00', '4.90', '4.90', 0, 0, 1, 1, 7, 1, 1, '2021-02-13 21:27:57', NULL),
(115, 'B13', 'BROXOLVAN', '8.00', '5.34', '5.34', 0, 0, 1, 1, 7, 1, 1, '2021-02-13 21:28:40', NULL),
(116, 'B15', 'BIOCAL 600 X30', '5.00', '1.99', '1.99', 2, 2, 1, 1, 1, 1, 1, '2021-02-13 21:31:06', NULL),
(117, 'B16', 'BETAMETASONA MK CREMA', '6.00', '4.29', '4.29', 2, 2, 1, 1, 8, 1, 1, '2021-02-13 21:32:01', NULL),
(118, 'B17', 'BEBETINA', '0.60', '0.37', '0.37', 1, 1, 1, 1, 9, 1, 1, '2021-02-13 21:32:43', NULL),
(119, 'B18', 'BONADEX', '0.18', '0.11', '0.11', 19, 19, 15, 1, 8, 1, 1, '2021-02-13 21:33:27', NULL),
(120, 'B19', 'BUSCAPINA 10MG', '0.50', '0.31', '0.31', 0, 0, 10, 1, 8, 1, 1, '2021-02-13 21:34:07', NULL),
(121, 'B20', 'BETAMETASONA', '9.00', '5.04', '5.04', 0, 0, 1, 1, 8, 1, 1, '2021-02-13 21:34:59', NULL),
(122, 'B21', 'BENZOCLID 40MG', '4.00', '2.21', '2.21', 11, 11, 5, 1, 9, 1, 1, '2021-02-13 21:35:46', NULL),
(123, 'B22', 'BISMUTO COMPUESTO', '0.20', '0.14', '0.14', 44, 44, 15, 1, 10, 1, 1, '2021-02-13 21:36:50', NULL),
(124, 'B23', 'BUCLIFENO VITA', '5.00', '2.65', '2.65', 1, 1, 1, 1, 1, 1, 1, '2021-02-13 21:37:41', NULL),
(125, 'B24', 'BICARBONATO 460G', '3.50', '2.82', '2.82', 0, 0, 1, 1, 8, 1, 1, '2021-02-13 21:38:36', NULL),
(126, 'B25', 'BACAOLINITA 115ML', '3.50', '2.13', '2.13', 2, 2, 1, 1, 7, 1, 1, '2021-02-13 21:39:45', NULL),
(127, 'B26', 'BUCLIFENO VITA 120ML', '6.50', '4.43', '4.43', 1, 1, 1, 1, 7, 1, 1, '2021-02-13 21:40:26', NULL),
(128, 'B27', 'BICARBONATO 230G', '2.95', '1.75', '1.75', 0, 0, 1, 1, 8, 1, 1, '2021-02-13 21:41:12', NULL),
(129, 'B28 ', 'BUTILBROMURO DE HIOSCINA ', '0.35', '0.18', '0.18', 49, 49, 15, 1, 8, 1, 1, '2021-02-13 21:42:24', NULL),
(130, 'B29', 'BEDOYECTA X30', '20.00', '15.03', '15.03', 1, 1, 1, 1, 1, 1, 1, '2021-02-13 21:43:11', NULL),
(131, 'C1', 'CALAMINA ANTIALERGICA', '2.70', '1.60', '1.60', 0, 2, 1, 1, 8, 1, 1, '2021-02-13 21:43:49', NULL),
(132, 'C2', 'CALAMINA MENTOLADA', '2.70', '1.26', '1.26', 3, 3, 1, 1, 8, 1, 1, '2021-02-13 21:48:13', NULL),
(133, 'C3', 'CALCIO + VITA D2', '4.00', '1.94', '1.94', 0, 0, 1, 1, 7, 1, 1, '2021-02-13 21:49:35', NULL),
(134, 'C4', 'CALCIVIT + D ', '9.00', '7.07', '7.07', 0, 0, 1, 1, 7, 1, 1, '2021-02-13 21:50:41', NULL),
(135, 'C5', 'CALLOSIL 10ML', '7.50', '5.14', '5.14', 1, 1, 1, 1, 8, 1, 1, '2021-02-13 21:51:18', NULL),
(136, 'C6', 'CAMPOLON FORTE 220ML', '6.00', '2.65', '2.65', 0, 0, 1, 1, 7, 1, 1, '2021-02-13 21:52:18', NULL),
(137, 'C7', 'CANES ORAL 150MG', '9.50', '6.91', '6.91', 0, 0, 1, 1, 8, 1, 1, '2021-02-13 21:53:06', NULL),
(138, 'C8', 'CANESTEN EXTRA', '7.50', '5.21', '5.21', 1, 1, 1, 1, 8, 1, 1, '2021-02-13 21:53:41', NULL),
(139, 'C9', 'CANESTEN V X3 OVULOS', '13.00', '8.70', '8.70', 0, 0, 1, 1, 1, 1, 1, '2021-02-13 22:13:06', NULL),
(140, 'C10', 'CANESTEN VAGINAL 35G', '14.00', '10.17', '10.17', 2, 2, 1, 1, 8, 1, 1, '2021-02-13 22:13:54', NULL),
(141, 'C12', 'CARBOTUSIN 120ML', '7.00', '4.52', '4.52', 2, 2, 1, 1, 7, 1, 1, '2021-02-13 22:14:50', NULL),
(142, 'C13', 'CARBOTUSIN D 120ML', '6.50', '3.76', '3.76', 2, 2, 1, 1, 7, 1, 1, '2021-02-13 22:15:51', NULL),
(143, 'C14', 'CARDIO ASPIRINA X30', '9.50', '6.77', '6.77', 3, 3, 1, 1, 1, 1, 1, '2021-02-13 22:17:05', NULL),
(144, 'C19', 'CEBION MINIS X45', '4.50', '3.18', '3.18', 2, 2, 1, 1, 10, 1, 1, '2021-02-13 22:17:38', NULL),
(145, 'C21', 'CEREBROFOS X10 BB', '10.00', '6.42', '6.42', 0, 0, 1, 1, 1, 1, 1, '2021-02-13 22:18:45', NULL),
(146, 'C22', 'CEREBROFOS X30 ', '6.00', '3.67', '3.67', 0, 0, 1, 1, 1, 1, 1, '2021-02-13 22:19:21', NULL),
(147, 'C23', 'CETAFREN 60ML', '3.50', '2.14', '2.14', 2, 2, 1, 1, 7, 1, 1, '2021-02-13 22:19:55', NULL),
(148, 'C26', 'CEBITRAN ', '2.00', '0.96', '0.96', 11, 11, 5, 1, 9, 1, 1, '2021-02-13 22:20:40', NULL),
(149, 'C27', 'CICATRICURE CREMA 30G', '10.25', '7.55', '7.55', 0, 0, 1, 1, 8, 4, 1, '2021-02-13 22:21:16', NULL),
(150, 'C28', 'CICATRICURE GEL 30G', '10.25', '7.19', '7.19', 2, 2, 1, 1, 8, 4, 1, '2021-02-13 22:21:54', NULL),
(151, 'C31', 'CLOMAZOL V 35G', '5.00', '2.04', '2.04', 1, 1, 1, 1, 8, 1, 1, '2021-02-13 22:22:34', NULL),
(152, 'C32', 'CLOPRIM ', '0.25', '0.12', '0.12', 32, 32, 10, 1, 8, 1, 1, '2021-02-13 22:23:22', NULL),
(153, 'C33', 'CLORFENIRAMINA 120ML', '3.50', '1.77', '1.77', 1, 1, 1, 1, 7, 1, 1, '2021-02-13 22:23:59', NULL),
(154, 'C34', 'CLORFENIRAMINA 8MG ECOMED', '1.50', '0.64', '0.64', 4, 4, 5, 1, 9, 1, 1, '2021-02-13 22:26:18', NULL),
(155, 'C35', 'CLOTEN FORTE 15G', '5.00', '2.89', '2.89', 1, 1, 1, 1, 8, 1, 1, '2021-02-13 22:28:05', NULL),
(156, 'C36', 'CLOTRIDEM FEM 30GR', '9.00', '5.75', '5.75', 2, 2, 15, 1, 8, 1, 1, '2021-02-13 22:29:22', NULL),
(157, 'C37 ', 'CLOTRIMAZOL 20GR', '1.50', '0.88', '0.88', 6, 6, 5, 1, 8, 1, 1, '2021-02-13 22:30:37', NULL),
(158, 'C38', 'CLOTRIMAZOL V 30GR SAIMED', '4.00', '1.79', '1.79', 0, 0, 2, 1, 8, 1, 1, '2021-02-13 22:31:33', NULL),
(159, 'C39', 'COFAL 120GR', '6.40', '4.07', '4.07', 1, 1, 1, 1, 8, 1, 1, '2021-02-13 22:32:03', NULL),
(160, 'C40', 'COFAL 60GR', '5.00', '3.31', '3.31', 2, 2, 1, 1, 8, 1, 1, '2021-02-13 22:33:10', NULL),
(161, 'C41', 'COLIPAX', '0.20', '0.12', '0.12', 109, 109, 15, 1, 8, 1, 1, '2021-02-13 22:33:54', NULL),
(162, 'C42', 'COLITISIL', '0.25', '0.15', '0.15', 60, 60, 15, 1, 8, 1, 1, '2021-02-13 22:35:00', NULL),
(163, 'C43', 'COLITRAN', '0.25', '0.17', '0.17', 90, 90, 15, 1, 8, 1, 1, '2021-02-13 22:35:54', NULL),
(164, 'C44', 'COLUBIAZOL CARAMELO', '0.40', '0.29', '0.29', 0, 0, 15, 1, 8, 1, 1, '2021-02-13 22:37:18', NULL),
(165, 'C45', 'COLUBIAZOL SPRAY ', '12.00', '8.23', '8.23', 0, 0, 1, 1, 8, 1, 1, '2021-02-13 22:37:53', NULL),
(166, 'C46', 'COMBINADA ROJA 20G', '1.25', '0.55', '0.55', 0, 0, 5, 1, 8, 1, 1, '2021-02-13 22:38:31', NULL),
(167, 'C47', 'COMBINADA 30G SAIMED', '1.50', '0.57', '0.57', 6, 6, 5, 1, 8, 1, 1, '2021-02-13 22:39:24', NULL),
(168, 'C48', 'COMPLEJO B X30', '2.00', '0.68', '0.68', 2, 2, 2, 1, 1, 1, 1, '2021-02-13 22:40:05', NULL),
(169, 'C49', 'CRECIKID 120ML', '4.00', '2.21', '2.21', 0, 0, 1, 1, 7, 1, 1, '2021-02-13 22:41:03', NULL),
(170, ' C50', 'CROMATOMBIC FERRO ', '19.00', '13.28', '13.28', 2, 2, 1, 1, 1, 1, 1, '2021-02-13 22:41:51', NULL),
(171, 'C51', 'CUAJO MARSHALL ', '0.20', '0.10', '0.10', 33, 33, 15, 1, 8, 1, 1, '2021-02-13 22:42:28', NULL),
(172, 'C52', 'CLOPRIM JARABE ', '5.50', '3.16', '3.16', 1, 1, 1, 1, 7, 1, 1, '2021-02-13 22:43:01', NULL),
(173, 'C53', 'CLORANFENICOL COLIRIO ', '3.50', '1.96', '1.96', 0, 0, 1, 1, 8, 1, 1, '2021-02-13 22:43:46', NULL),
(174, 'C54', 'CANESTEN TRIPLE ACCION ', '7.00', '4.64', '4.64', 2, 2, 1, 1, 8, 1, 1, '2021-02-13 22:44:22', NULL),
(175, 'C56', 'CIPROP FORTE 240ML', '13.50', '8.62', '8.62', 0, 0, 1, 1, 7, 1, 1, '2021-02-13 22:45:18', NULL),
(176, 'C57', 'CLORHEXIDINA JABON GAMMA', '5.00', '2.65', '2.65', 1, 1, 1, 1, 8, 4, 1, '2021-02-13 22:46:07', NULL),
(177, 'C58', 'CLORFEN 4MG ', '0.20', '0.07', '0.07', 0, 0, 15, 1, 10, 1, 1, '2021-02-13 22:47:24', NULL),
(178, 'C59', 'CLORFEN 8MG', '0.20', '0.07', '0.07', 0, 0, 15, 1, 10, 1, 1, '2021-02-13 22:47:57', NULL),
(179, 'C60', 'CANESTEN V 20G', '13.00', '9.80', '9.80', 0, 0, 1, 1, 8, 1, 1, '2021-02-13 22:48:42', NULL),
(180, 'C62', 'CEBION X12', '2.60', '1.85', '1.85', 0, 0, 15, 1, 10, 1, 1, '2021-02-13 22:49:40', NULL),
(181, 'C65', 'CICATRICURE GEL 60G', '17.25', '12.45', '12.45', 0, 0, 1, 1, 8, 1, 1, '2021-02-13 22:51:02', NULL),
(182, 'C68', 'CANESTEN V X1 OVULOS ', '11.00', '8.31', '8.31', 1, 1, 1, 1, 1, 1, 1, '2021-02-13 22:51:55', NULL),
(183, 'C69', 'CLODEX COLIRIO ', '6.50', '4.56', '4.56', 1, 1, 1, 1, 8, 1, 1, '2021-02-13 22:52:38', NULL),
(184, 'C70', 'CIRUELAX TABS', '0.30', '0.17', '0.17', 14, 14, 15, 1, 8, 1, 1, '2021-02-13 22:53:34', NULL),
(185, 'C71', 'CETIRIZINA SM 100ML', '4.50', '1.77', '1.77', 0, 0, 1, 1, 7, 1, 1, '2021-02-13 22:54:34', NULL),
(186, 'C72', 'CIRUELAX TÉ', '0.65', '0.43', '0.43', 10, 10, 10, 1, 10, 1, 1, '2021-02-13 22:55:12', NULL),
(187, 'C73', 'CALCIKID 220ML', '5.00', '1.95', '1.95', 0, 0, 1, 1, 7, 1, 1, '2021-02-13 22:55:55', NULL),
(188, 'C74', 'CLINDAMED V 40G', '14.00', '8.84', '8.84', 2, 2, 1, 1, 8, 1, 1, '2021-02-13 22:56:39', NULL),
(189, 'C75', 'CALAMINA SIMPLE CAROSA', '4.00', '2.57', '2.57', 3, 3, 1, 1, 8, 1, 1, '2021-02-13 22:57:19', NULL),
(190, 'C76', 'CIRUELAX JALEA 150G', '7.50', '5.42', '5.42', 2, 2, 1, 1, 8, 1, 1, '2021-02-13 22:57:55', NULL),
(191, 'C77', 'CALCIVIT GRANULADO 200G', '7.50', '4.95', '4.95', 1, 1, 1, 1, 8, 1, 1, '2021-02-13 22:58:36', NULL),
(192, 'C78', 'CALCIO ADULTO X100', '10.00', '4.86', '4.86', 1, 1, 1, 1, 8, 1, 1, '2021-02-13 22:59:13', NULL),
(193, 'C79', 'COMBINADA 20G (bonificación)', '1.00', '0.00', '0.00', 8, 8, 1, 1, 8, 1, 1, '2021-02-13 23:00:24', NULL),
(194, 'C80', 'CURITA X100', '2.50', '1.82', '1.82', 0, 0, 1, 1, 1, 1, 1, '2021-02-13 23:01:04', NULL),
(195, 'C81', 'CLORFENIRAMINA 8M GAMMA', '1.00', '0.27', '0.27', 8, 8, 5, 1, 9, 1, 1, '2021-02-13 23:01:42', NULL),
(196, 'C82', 'CROSS P.V.P. 60ML', '8.15', '5.78', '5.78', 0, 0, 1, 1, 7, 4, 1, '2021-02-13 23:02:27', NULL),
(197, 'C83', 'CLOROVISOL 10ML', '3.00', '1.55', '1.55', 4, 4, 1, 1, 8, 1, 1, '2021-02-13 23:03:16', NULL),
(198, 'D1', 'DENGUINA ADULTO ', '0.80', '0.45', '0.45', 5, 5, 5, 1, 9, 1, 1, '2021-02-15 16:18:24', NULL),
(199, 'D2', 'DENTALGESIC', '0.80', '0.41', '0.41', 24, 24, 5, 1, 10, 1, 1, '2021-02-15 16:20:04', NULL),
(200, 'D3', 'DERMA 4 20GR', '9.50', '5.90', '5.90', 1, 1, 1, 1, 8, 1, 1, '2021-02-15 16:20:59', NULL),
(201, 'D4', 'DERMOXIDO ', '1.40', '0.86', '0.86', 2, 2, 5, 1, 8, 1, 1, '2021-02-15 16:21:52', NULL),
(202, 'D8 ', 'DEXKETOPROFENO MG', '0.80', '0.44', '0.44', 134, 134, 10, 1, 8, 1, 1, '2021-02-15 16:23:58', NULL),
(203, 'D9', 'DEXTRIUM POLVO', '1.50', '0.74', '0.74', 0, 0, 5, 1, 10, 1, 1, '2021-02-15 16:24:43', NULL),
(204, 'D10', 'DEXTRIUM TABLETA', '1.25', '0.87', '0.87', 0, 0, 5, 1, 8, 1, 1, '2021-02-15 16:25:32', NULL),
(205, 'D11', 'DEXTRODEL ANTITUS', '6.00', '4.26', '4.26', 0, 0, 10, 1, 8, 1, 1, '2021-02-15 16:26:48', NULL),
(206, 'D12', 'DEXTROMETORFANO 120ML', '3.50', '1.95', '1.95', 2, 2, 1, 1, 7, 1, 1, '2021-02-15 16:28:07', NULL),
(207, 'D13', 'DICATAN 120ML', '6.50', '5.53', '5.53', 1, 1, 1, 1, 7, 1, 1, '2021-02-15 16:29:05', NULL),
(208, 'D14', 'DICLOFENAC POTASICO SM', '0.80', '0.20', '0.20', 2, 2, 5, 1, 9, 1, 1, '2021-02-15 16:30:25', NULL),
(209, 'D15', 'DICLOFENAC SODICO SM', '0.80', '0.21', '0.21', 6, 6, 5, 1, 9, 1, 1, '2021-02-15 16:31:23', NULL),
(210, 'D17', 'DIPIRONA 120ML ', '4.00', '1.71', '1.71', 0, 0, 1, 1, 7, 1, 1, '2021-02-15 16:32:10', NULL),
(211, 'D21', 'DOLAREN 120ML', '4.20', '2.48', '2.48', 2, 2, 1, 1, 7, 1, 1, '2021-02-15 16:32:55', NULL),
(212, 'D23', 'DOLFLIX', '0.60', '0.21', '0.21', 0, 0, 5, 1, 10, 1, 1, '2021-02-15 16:33:45', NULL),
(213, 'D26', 'DOLO NEUROBION TAB', '0.35', '0.25', '0.25', 110, 110, 15, 1, 8, 1, 1, '2021-02-15 16:34:44', NULL),
(214, 'D27', 'DOLO NEUROTROPAS TAB', '0.60', '0.25', '0.25', 9, 9, 5, 1, 10, 1, 1, '2021-02-15 16:35:38', NULL),
(215, 'D28', 'DOLO ULTRA ESTRES', '0.70', '0.40', '0.40', 19, 19, 5, 1, 10, 1, 1, '2021-02-15 16:36:44', NULL),
(216, 'D29', 'DOLO ULTRA ESTRES X40', '6.00', '3.54', '3.54', 0, 0, 1, 1, 1, 1, 1, '2021-02-15 16:38:19', NULL),
(217, 'D31', 'DOLOCRIN 120GR', '4.75', '3.14', '3.14', 0, 0, 1, 1, 8, 1, 1, '2021-02-15 16:39:27', NULL),
(218, 'D32', 'DOLODOL VITAMINADO', '0.70', '0.36', '0.36', 14, 14, 5, 1, 10, 1, 1, '2021-02-15 16:40:42', NULL),
(219, 'D33', 'DOLOFIN AR', '0.30', '0.17', '0.17', 15, 15, 10, 1, 8, 1, 1, '2021-02-15 16:42:14', NULL),
(220, 'D34', 'DOLOFIN FLEX', '0.30', '0.19', '0.19', 36, 36, 10, 1, 8, 1, 1, '2021-02-15 16:44:42', NULL),
(221, 'D35', 'DOLOFIN RAPIDA ACCION ', '0.10', '0.05', '0.05', 175, 175, 10, 1, 8, 1, 1, '2021-02-15 16:46:15', NULL),
(222, 'D38', 'DORIVAL GEL ', '0.35', '0.25', '0.25', 32, 32, 10, 1, 8, 1, 1, '2021-02-15 16:47:23', NULL),
(223, 'D39', 'DORIVAL TAB', '0.25', '0.15', '0.15', 53, 53, 10, 1, 8, 1, 1, '2021-02-15 16:48:19', NULL),
(224, 'D40', 'DRAMANYL CAP', '0.15', '0.07', '0.07', 84, 84, 10, 1, 8, 1, 1, '2021-02-15 16:49:08', NULL),
(225, 'D41', 'DYFLAM RETARD ', '0.50', '0.30', '0.30', 0, 0, 5, 1, 8, 1, 1, '2021-02-15 16:50:07', NULL),
(226, 'D42', 'DERMISONA CREMA 15GR', '4.25', '2.79', '2.79', 0, 0, 1, 1, 8, 1, 1, '2021-02-15 16:50:54', NULL),
(227, 'D43', 'DORIXINA RELAX', '0.75', '0.52', '0.52', 0, 0, 5, 1, 8, 1, 1, '2021-02-15 16:52:00', NULL),
(228, 'D45', 'DESSESTRESS PLUS X15BB', '7.00', '3.54', '3.54', 0, 0, 1, 1, 1, 1, 1, '2021-02-15 16:53:09', NULL),
(229, 'D46', 'DEXA REUMAPIRINA ', '0.25', '0.12', '0.12', 32, 32, 10, 1, 8, 1, 1, '2021-02-15 16:54:16', NULL),
(230, 'D47', 'DESSESTRES PLUS X20BB', '10.00', '4.11', '4.11', 0, 0, 1, 1, 1, 1, 1, '2021-02-15 16:56:38', NULL),
(231, 'D48', 'DEXTRODEL COMP', '0.25', '0.15', '0.15', 24, 24, 10, 1, 8, 1, 1, '2021-02-15 16:59:04', NULL),
(232, 'D49', 'DAYAMINERAL ', '16.00', '11.51', '11.51', 2, 2, 1, 1, 8, 1, 1, '2021-02-15 17:00:28', NULL),
(233, 'D50', 'D.D.F. -3 CREMA 20GR', '4.50', '2.43', '2.43', 1, 1, 1, 1, 8, 1, 1, '2021-02-15 17:06:32', NULL),
(234, 'D51', 'DER-ALL CREMA 20GR', '7.50', '4.83', '4.83', 2, 2, 1, 1, 8, 1, 1, '2021-02-15 17:08:04', NULL),
(235, 'D52', 'DOLOQUITAL ', '0.50', '0.23', '0.23', 40, 40, 5, 1, 10, 1, 1, '2021-02-15 17:09:20', NULL),
(236, 'D53', 'DOLOCRIM FORTE 60GR', '3.65', '2.45', '2.45', 2, 2, 1, 1, 8, 1, 1, '2021-02-15 17:10:43', NULL),
(237, 'E1', 'ELECTROLIT COCO', '2.30', '1.57', '1.57', 3, 3, 2, 1, 8, 1, 1, '2021-02-15 17:11:53', NULL),
(238, 'E2', 'ELECTROLIT FRESA', '2.30', '1.54', '1.54', 0, 0, 2, 1, 8, 1, 1, '2021-02-15 17:12:41', NULL),
(239, 'E3', 'ELECTROLIT FRESA-KIWI', '2.30', '1.57', '1.57', 3, 3, 2, 1, 8, 1, 1, '2021-02-15 17:14:26', NULL),
(240, 'E4', 'ELECTROLIT MORA AZUL ', '2.30', '1.57', '1.57', 3, 3, 2, 1, 8, 1, 1, '2021-02-15 17:16:48', NULL),
(241, 'E5', 'EMULSION SCOTT NARANJA', '4.50', '2.94', '2.94', 0, 0, 1, 1, 8, 1, 1, '2021-02-15 17:18:10', NULL),
(242, 'E6', 'ENTERO GERMINA ', '1.60', '1.02', '1.02', 14, 14, 5, 1, 8, 1, 1, '2021-02-15 17:19:19', NULL),
(243, 'E7', 'ESCABISAN 60ML', '6.50', '4.94', '4.94', 0, 0, 1, 1, 7, 1, 1, '2021-02-15 17:20:26', NULL),
(244, 'E9', 'ESFINTO PLUS 20GR', '11.00', '7.97', '7.97', 0, 0, 1, 1, 8, 1, 1, '2021-02-15 17:21:10', NULL),
(245, 'E10', 'ESOMEPRAZOL ECOMED', '0.60', '0.40', '0.40', 28, 28, 5, 1, 8, 1, 1, '2021-02-15 17:22:05', NULL),
(246, 'E12', 'ESPASMO DOLOFOR TAB', '0.35', '0.22', '0.22', 149, 149, 10, 1, 8, 1, 1, '2021-02-15 17:23:18', NULL),
(247, 'E13', 'ESPASMOFIN ', '0.20', '0.13', '0.13', 79, 79, 10, 1, 8, 1, 1, '2021-02-15 17:24:03', NULL),
(248, 'E14', 'ESTROGEN DB CREMA V 60GR', '14.00', '8.41', '8.41', 0, 0, 1, 1, 8, 1, 1, '2021-02-15 17:25:05', NULL),
(249, 'E15', 'ESTROGENOS CONJUGADOS DB 42.5GR', '19.00', '10.62', '10.62', 1, 1, 1, 1, 8, 1, 1, '2021-02-15 17:26:35', NULL),
(250, 'E16', 'ELECTROLIT UVA ', '2.30', '1.53', '1.53', 0, 0, 2, 1, 8, 1, 1, '2021-02-15 17:27:30', NULL),
(251, 'E17', 'EMULSION SCOTT CEREZA 200ML', '4.50', '2.97', '2.97', 0, 0, 1, 1, 8, 1, 1, '2021-02-15 17:29:45', NULL),
(252, 'E18', 'ESPASMO DOLOFOR GOTAS', '6.50', '4.48', '4.48', 0, 0, 1, 1, 12, 1, 1, '2021-02-15 17:30:59', NULL),
(253, 'E19', 'EMULSION SCOTT CEREZA 400ML', '7.50', '5.22', '5.22', 1, 1, 1, 1, 7, 1, 1, '2021-02-15 17:32:35', NULL),
(254, 'F1', 'FARCREZINC FRAMBUESA FQ', '7.00', '4.86', '4.86', 0, 0, 1, 1, 8, 1, 1, '2021-02-15 17:34:33', NULL),
(255, 'F2', 'FEMIXIN 28', '6.50', '4.71', '4.71', 0, 0, 1, 1, 1, 1, 1, '2021-02-15 17:35:32', NULL),
(256, 'F3', 'FENALER 120ML', '3.25', '1.91', '1.91', 2, 2, 1, 1, 7, 1, 1, '2021-02-15 17:36:23', NULL),
(257, 'F5', 'FERKEL F 800', '16.50', '11.12', '11.12', 0, 0, 1, 1, 1, 1, 1, '2021-02-15 17:40:14', NULL),
(258, 'F6', 'FERROPRIN ', '9.00', '4.42', '4.42', 0, 0, 1, 1, 1, 1, 1, '2021-02-15 17:41:11', NULL),
(259, 'F7', 'FERRUM 16 ', '16.00', '9.16', '9.16', 0, 0, 1, 1, 1, 1, 1, '2021-02-15 17:42:22', NULL),
(260, 'F8 ', 'FIBRACEL TAB', '0.16', '0.09', '0.09', 0, 0, 10, 1, 8, 1, 1, '2021-02-15 17:43:19', NULL),
(261, 'F9', 'FINE STRESS MULTIPOTENCIAL ', '7.00', '5.28', '5.28', 0, 0, 1, 1, 1, 1, 1, '2021-02-15 17:44:42', NULL),
(262, 'F11', 'FLEET ENEMA', '6.00', '3.94', '3.94', 1, 1, 1, 1, 8, 1, 1, '2021-02-15 17:45:49', NULL),
(263, 'F12', 'FLEET FOSFA SODA', '5.50', '3.54', '3.54', 2, 2, 1, 1, 8, 1, 1, '2021-02-15 17:47:29', NULL),
(264, 'F13', 'FLORENTEROL', '0.90', '0.50', '0.50', 9, 9, 5, 1, 10, 1, 1, '2021-02-15 17:48:28', NULL),
(265, 'F14', 'FLUCONAZOL X2 TAB SAIMED', '2.50', '1.06', '1.06', 3, 3, 2, 1, 1, 1, 1, '2021-02-15 17:49:43', NULL),
(266, 'F15', 'FLUIBRON ', '5.75', '3.68', '3.68', 3, 3, 1, 1, 7, 1, 1, '2021-02-15 17:51:33', NULL),
(267, 'F16', 'FORTIPLEX OMEGA 3', '11.00', '6.98', '6.98', 2, 2, 1, 1, 1, 1, 1, '2021-02-15 17:52:30', NULL),
(268, 'F18', 'FORTIPLEX ULTRA ', '7.50', '3.97', '3.97', 0, 0, 1, 1, 1, 1, 1, '2021-02-15 17:53:20', NULL),
(269, 'F20', 'FOSKROL COMPLEX X30', '4.50', '2.38', '2.38', 0, 0, 1, 1, 1, 1, 1, '2021-02-15 17:54:28', NULL),
(270, 'F21', 'FOSKROL CON GINKGO BILOBA X30', '6.00', '3.10', '3.10', 1, 1, 1, 1, 1, 1, 1, '2021-02-15 17:56:56', NULL),
(271, 'F22', 'FOSKROL 15BB', '7.00', '4.02', '4.02', 0, 0, 1, 1, 1, 1, 1, '2021-02-15 20:24:50', NULL),
(272, 'F23', 'FOSKROL 20BB', '9.00', '5.13', '5.13', 1, 1, 1, 1, 1, 1, 1, '2021-02-15 20:26:55', NULL),
(273, 'F24', 'FOSKROL CON GINSENG 20BB', '10.00', '5.78', '5.78', 1, 1, 1, 1, 1, 1, 1, '2021-02-15 20:29:08', NULL),
(274, 'F25', 'FOSKROL CON GINSENG 30CAP', '6.00', '3.00', '3.00', 1, 1, 1, 1, 1, 1, 1, '2021-02-15 20:32:39', NULL),
(275, 'F26', 'FOSKROL TRANQUILO 50CAP', '0.20', '0.10', '0.10', 0, 0, 10, 1, 8, 1, 1, '2021-02-15 20:34:27', NULL),
(276, 'F28', 'FUSIMED 2% 15MG', '7.25', '5.24', '5.24', 0, 0, 1, 1, 8, 1, 1, '2021-02-15 20:35:16', NULL),
(277, 'F29', 'FINADOL ULTRA ', '0.25', '0.13', '0.13', 0, 0, 10, 1, 10, 1, 1, '2021-02-15 20:36:13', NULL),
(278, 'F30', 'FINADOL EXTRA FUERTE ', '0.20', '0.07', '0.07', 25, 25, 10, 1, 10, 1, 1, '2021-02-15 20:37:08', NULL),
(279, 'F31', 'FOSKROL ESCOLAR 15AMP', '7.00', '4.20', '4.20', 0, 0, 1, 1, 1, 1, 1, '2021-02-15 20:46:45', NULL),
(280, 'F32', 'FERROPRIN TONICO MULTIVIT 20BB', '9.00', '4.20', '4.20', 0, 0, 1, 1, 1, 1, 1, '2021-02-15 20:50:23', NULL),
(281, 'F33', 'FERROPRIN GOLD 20VD', '9.00', '4.34', '4.34', 0, 0, 1, 1, 1, 1, 1, '2021-02-15 20:51:16', NULL),
(282, 'F35', 'FERRIDOCE C/ZINC 220ML', '5.00', '2.87', '2.87', 2, 2, 1, 1, 7, 1, 1, '2021-02-15 20:54:38', NULL),
(283, 'F36', 'FARNITOX 60ML', '9.00', '5.04', '5.04', 2, 2, 1, 1, 7, 1, 1, '2021-02-15 20:55:29', NULL),
(284, 'F37', 'FOSKROL CON GINSENG 15BB', '7.50', '5.00', '5.00', 0, 0, 1, 1, 1, 1, 1, '2021-02-15 20:56:40', NULL),
(285, 'F38', 'FERRICAL-COMPLEX 15BB', '7.00', '3.09', '3.09', 0, 0, 1, 1, 1, 1, 1, '2021-02-15 20:57:36', NULL),
(286, 'F39', 'FOLHEM X30', '3.25', '1.66', '1.66', 4, 4, 1, 1, 1, 1, 1, '2021-02-15 20:58:42', NULL),
(287, 'F40', 'FORTIPLEX GOLD X12', '9.00', '5.31', '5.31', 2, 2, 1, 1, 1, 1, 1, '2021-02-15 21:00:20', NULL),
(288, 'F41', 'FOSKROL CON LICOPENO+LUTEINA', '5.00', '2.88', '2.88', 0, 0, 1, 1, 1, 1, 1, '2021-02-15 21:01:29', NULL),
(289, 'F42', 'FINE STRESS TWO PACK 15BB', '15.00', '9.29', '9.29', 0, 0, 1, 1, 1, 1, 1, '2021-02-15 21:02:24', NULL),
(290, 'F43', 'FINADOL MUJER ', '0.20', '0.14', '0.14', 7, 7, 10, 1, 10, 1, 1, '2021-02-15 21:03:40', NULL),
(291, 'F44', 'FOSKROL VITAMINADO 220ML', '4.00', '1.95', '1.95', 0, 0, 1, 1, 7, 1, 1, '2021-02-15 21:04:37', NULL),
(292, 'F45', 'FARNITOX 30ML', '4.95', '2.52', '2.52', 2, 2, 1, 1, 7, 1, 1, '2021-02-15 21:05:32', NULL),
(293, 'F47', 'FERROPRIN GOLD 15BB', '7.00', '3.19', '3.19', 1, 1, 1, 1, 1, 1, 1, '2021-02-15 21:22:03', NULL),
(294, 'F48', 'FOSKROL 10BB', '5.00', '2.75', '2.75', 1, 1, 1, 1, 1, 1, 1, '2021-02-15 21:23:28', NULL),
(295, 'F49', 'FOSFOTONIC X30', '6.00', '3.32', '3.32', 2, 2, 1, 1, 1, 1, 1, '2021-02-15 21:25:39', NULL),
(296, 'F50', 'FOSFOTONIC 10BB', '9.00', '5.05', '5.05', 2, 2, 1, 1, 1, 1, 1, '2021-02-15 21:34:19', NULL),
(297, 'F51', 'FLUCODEL 1+1', '6.00', '3.74', '3.74', 2, 2, 1, 1, 8, 1, 1, '2021-02-15 21:36:02', NULL),
(298, 'F52', 'FOSALIN INFANTIL ', '4.95', '3.06', '3.06', 0, 0, 1, 1, 8, 1, 1, '2021-02-15 21:38:16', NULL),
(299, 'F53', 'FRIO CALOR 75ML', '5.95', '3.68', '3.68', 1, 1, 1, 1, 8, 1, 1, '2021-02-15 21:40:52', NULL),
(300, 'G1', 'GABROSIDINA JARABE ', '5.50', '3.10', '3.10', 1, 1, 1, 1, 7, 1, 1, '2021-02-15 21:42:20', NULL),
(301, 'G2', 'GABROSIDINA TAB', '0.50', '0.27', '0.27', 95, 95, 15, 1, 8, 1, 1, '2021-02-15 21:44:38', NULL),
(302, 'G3', 'GAMMATOS ANTITUSIVO 120ML', '10.50', '7.30', '7.30', 1, 1, 1, 1, 7, 1, 1, '2021-02-15 21:46:01', NULL),
(303, 'G4', 'GANOL JARABE', '2.50', '1.06', '1.06', 0, 0, 1, 1, 7, 1, 1, '2021-02-15 21:47:24', NULL),
(304, 'G5', 'GARGANTINA', '0.50', '0.28', '0.28', 17, 17, 5, 1, 8, 1, 1, '2021-02-15 21:48:34', NULL),
(305, 'G6', 'GASA 2X10 YDA', '1.20', '0.80', '0.80', 6, 6, 5, 1, 8, 1, 1, '2021-02-15 21:50:16', NULL),
(306, 'G7', 'GASA 3X10 YDA', '1.60', '1.06', '1.06', 7, 7, 5, 1, 8, 1, 1, '2021-02-15 21:52:01', NULL),
(307, 'G8', 'GASA 4X10 YDA', '2.00', '1.33', '1.33', 0, 0, 5, 1, 8, 1, 1, '2021-02-15 21:53:26', NULL),
(308, 'G9', 'GASA 5X10 YDA', '2.40', '1.50', '1.50', 9, 9, 5, 1, 8, 1, 1, '2021-02-15 21:54:57', NULL),
(309, 'G10', 'GASA 6X10YDA', '2.75', '1.77', '1.77', 11, 11, 5, 1, 8, 1, 1, '2021-02-15 21:59:23', NULL),
(310, 'G11', 'GASTRICURE 180ML', '9.00', '6.63', '6.63', 1, 1, 1, 1, 7, 1, 1, '2021-02-15 22:00:31', NULL),
(311, 'G12', 'GASTRICURE 360ML', '16.00', '11.06', '11.06', 1, 1, 1, 1, 7, 1, 1, '2021-02-15 22:01:37', NULL),
(312, 'G14', 'GASTROFLUX ', '0.30', '0.23', '0.23', 9, 9, 10, 1, 8, 1, 1, '2021-02-15 22:02:32', NULL),
(313, 'G15', 'GATORADE BERRY BLUE', '1.00', '0.75', '0.75', 6, 6, 3, 1, 8, 5, 1, '2021-02-15 22:03:19', NULL),
(314, 'G16', 'GATORADE FRUTI PUNCH', '1.00', '0.75', '0.75', 7, 7, 3, 1, 8, 5, 1, '2021-02-15 22:04:05', NULL),
(315, 'G17', 'GATORADE LIMA LIMON', '1.00', '0.75', '0.75', 12, 12, 3, 1, 8, 5, 1, '2021-02-15 22:04:44', NULL),
(316, 'G18', 'GATORADE UVA', '1.00', '0.75', '0.75', 3, 3, 3, 1, 8, 5, 1, '2021-02-15 22:05:40', NULL),
(317, 'G19', 'GINKGO BILOBA', '13.00', '8.98', '8.98', 1, 1, 1, 1, 1, 1, 1, '2021-02-15 22:06:31', NULL),
(318, 'G21', 'GLICERINA FENICADA', '3.00', '1.56', '1.56', 11, 11, 1, 1, 8, 1, 1, '2021-02-15 22:07:21', NULL),
(319, 'G22', 'GOICOECHEA ARNICA 200ML', '5.00', '2.86', '2.86', 0, 0, 1, 1, 8, 4, 1, '2021-02-15 22:09:25', NULL),
(320, 'G23', 'GOICOECHEA ARNICA 400ML', '9.00', '6.30', '6.30', 1, 1, 1, 1, 8, 4, 1, '2021-02-15 22:12:34', NULL),
(321, 'G24', 'GOICOECHEA DIABET TX', '9.50', '6.82', '6.82', 1, 1, 1, 1, 8, 4, 1, '2021-02-15 22:10:57', NULL),
(322, 'G25', 'GRIN-SKIN', '11.00', '7.13', '7.13', 0, 0, 1, 1, 1, 1, 1, '2021-02-15 22:14:07', NULL),
(323, 'G28', 'GARDEN GEL TARRO 12GR', '8.50', '5.63', '5.63', 0, 0, 1, 1, 8, 1, 1, '2021-02-15 22:14:49', NULL),
(324, 'G29', 'GATORADE NARANJA', '1.00', '0.75', '0.75', 5, 5, 3, 1, 8, 5, 1, '2021-02-15 22:15:24', NULL),
(325, 'G31', 'GASTRIMED TAB', '1.30', '0.75', '0.75', 6, 6, 5, 1, 9, 1, 1, '2021-02-15 22:16:08', NULL),
(326, 'G32', 'GATORADE NARANJA 350ML', '0.60', '0.45', '0.45', 0, 0, 3, 1, 8, 5, 1, '2021-02-15 22:16:46', NULL),
(327, 'G33', 'GATORADE UVA 350ML', '0.60', '0.45', '0.45', 4, 4, 3, 1, 8, 5, 1, '2021-02-15 22:17:16', NULL),
(328, 'G34', 'GATORADE FRUIT PUNCH 350ML', '0.60', '0.45', '0.45', 5, 5, 3, 1, 8, 5, 1, '2021-02-15 22:18:40', NULL),
(329, 'G35', 'GATORADE BERRY BLUE 350ML', '0.60', '0.45', '0.45', 0, 0, 3, 1, 8, 5, 1, '2021-02-15 22:19:18', NULL),
(330, 'G36', 'GLOTOLIN JARABE', '4.00', '1.46', '1.46', 0, 0, 1, 1, 7, 1, 1, '2021-02-15 22:19:57', NULL),
(331, 'G37', 'GLOTOLIN CEREBRAL 15BB', '6.25', '3.10', '3.10', 0, 0, 1, 1, 1, 1, 1, '2021-02-15 22:20:30', NULL),
(332, 'G38', 'GATORADE GREEN MANGO', '1.00', '0.75', '0.75', 0, 0, 3, 1, 8, 5, 1, '2021-02-15 22:21:30', NULL),
(333, 'G39', 'GABROKEM 60ML', '5.50', '3.32', '3.32', 0, 0, 1, 1, 7, 1, 1, '2021-02-15 22:22:03', NULL),
(334, 'G40', 'GERIATRIC PHAMATON 90CAP', '38.00', '27.60', '27.60', 2, 2, 1, 1, 8, 1, 1, '2021-02-15 22:23:07', NULL),
(335, 'G41', 'GATORADE LIMA LIMON 350ML', '0.60', '0.45', '0.45', 1, 1, 3, 1, 8, 5, 1, '2021-02-15 22:23:55', NULL),
(336, 'G42', 'GAMMAMINERAL 240ML', '12.00', '7.41', '7.41', 1, 1, 1, 1, 7, 1, 1, '2021-02-15 22:24:35', NULL),
(337, 'G43', 'GUMIVIT KIDS', '7.50', '5.53', '5.53', 0, 0, 1, 1, 8, 1, 1, '2021-02-15 22:25:32', NULL),
(338, 'G44', 'GAMMALAX 120ML', '9.00', '5.81', '5.81', 2, 2, 1, 1, 7, 1, 1, '2021-02-15 22:26:10', NULL),
(339, 'H5', 'HONGOSIL PLUS SOLUCION', '5.50', '3.36', '3.36', 1, 1, 1, 1, 8, 1, 1, '2021-02-15 22:26:56', NULL),
(340, 'H2', 'HONGOSIL 15GR', '4.25', '2.39', '2.39', 1, 1, 1, 1, 8, 1, 1, '2021-02-15 22:27:29', NULL),
(341, 'H7', 'HIDROCORTISONA 30GR ARSAL', '5.00', '2.93', '2.93', 1, 1, 1, 1, 8, 1, 1, '2021-02-15 22:28:17', NULL),
(342, 'H8', 'HIDROCORTISONA GAMMA', '3.75', '1.99', '1.99', 0, 0, 1, 1, 8, 1, 1, '2021-02-15 22:29:05', NULL),
(343, 'H9', 'HIDRALAN CEREZA', '1.60', '0.98', '0.98', 2, 2, 3, 1, 8, 1, 1, '2021-02-15 22:29:56', NULL),
(344, 'H10', 'HIDRALAN MANZANA', '1.60', '0.98', '0.98', 0, 0, 3, 1, 8, 1, 1, '2021-02-15 22:30:47', NULL),
(345, 'H11', 'HIDRALAN COCO', '1.60', '0.98', '0.98', 0, 0, 3, 1, 8, 1, 1, '2021-02-15 22:31:28', NULL),
(346, 'I1', 'IBUNTOL 120ML', '6.00', '4.07', '4.07', 0, 0, 1, 1, 7, 1, 1, '2021-02-15 22:32:14', NULL),
(347, 'I2', 'IBUPROFENO MK 600 L.GEL', '0.43', '0.27', '0.27', 0, 0, 10, 1, 8, 1, 1, '2021-02-15 22:33:14', NULL),
(348, 'I3', 'IBUPROFENO 600 SAIMED', '0.80', '0.27', '0.27', 0, 0, 5, 1, 9, 1, 1, '2021-02-15 22:33:58', NULL),
(349, 'I4', 'ILIADIN INFANTIL', '7.80', '5.61', '5.61', 0, 0, 1, 1, 8, 1, 1, '2021-02-15 22:34:41', NULL),
(350, 'I5', 'ILIANA ', '10.00', '7.84', '7.84', 0, 0, 1, 1, 8, 1, 1, '2021-02-15 22:35:22', NULL),
(351, 'I6', 'INDOMETASINA', '0.60', '0.22', '0.22', 17, 17, 5, 1, 9, 1, 1, '2021-02-15 22:35:56', NULL),
(352, 'I7', 'INFADER 60GR', '6.50', '4.24', '4.24', 0, 0, 1, 1, 8, 1, 1, '2021-02-15 22:36:31', NULL),
(353, 'I8', 'INMUNOKID 150TAB', '19.00', '12.52', '12.52', 0, 0, 1, 1, 8, 1, 1, '2021-02-15 22:37:18', NULL),
(354, 'I9', 'INTESTINOMICINA', '0.18', '0.10', '0.10', 9, 9, 15, 1, 8, 1, 1, '2021-02-15 22:38:07', NULL),
(355, 'I10', 'INTRAFER F 800 X30', '20.00', '14.58', '14.58', 1, 1, 1, 1, 1, 1, 1, '2021-02-15 22:38:53', NULL),
(356, 'I11', 'INTRAFER GOTA', '10.00', '6.50', '6.50', 1, 1, 1, 1, 12, 1, 1, '2021-02-15 22:39:32', NULL),
(357, 'I12', 'INTRAFER TF 500', '16.00', '11.06', '11.06', 1, 1, 1, 1, 7, 1, 1, '2021-02-15 22:40:12', NULL),
(358, 'I13', 'IRIS TOBRA D', '9.00', '5.58', '5.58', 0, 0, 1, 1, 8, 1, 1, '2021-02-15 22:40:51', NULL),
(359, 'I14', 'IRS TAB', '0.25', '0.15', '0.15', 48, 48, 10, 1, 8, 1, 1, '2021-02-15 22:41:30', NULL),
(360, 'I15', 'IRS GOTAS', '5.50', '3.46', '3.46', 2, 2, 1, 1, 12, 1, 1, '2021-02-15 22:42:12', NULL),
(361, 'I16', 'IRS JARABE', '7.50', '4.59', '4.59', 0, 0, 1, 1, 7, 1, 1, '2021-02-15 22:42:51', NULL),
(362, 'I17', 'IBUPROFENO 600 MK', '0.30', '0.18', '0.18', 0, 0, 10, 1, 8, 1, 1, '2021-02-15 22:43:45', NULL),
(363, 'I20', 'IBUPROFENO MK 120ML', '5.90', '4.07', '4.07', 1, 1, 1, 1, 7, 1, 1, '2021-02-15 22:44:26', NULL),
(364, 'I22', 'IBUPROFENO 400MG ECOMED', '0.15', '0.11', '0.11', 15, 15, 15, 1, 8, 1, 1, '2021-02-15 22:45:09', NULL),
(365, 'I23', 'IBUPROFENO 400 MK', '0.20', '0.12', '0.12', 64, 64, 15, 1, 8, 1, 1, '2021-02-15 22:45:48', NULL),
(366, 'I25', 'IBUKEM 100ML', '3.75', '1.75', '1.75', 6, 6, 1, 1, 7, 1, 1, '2021-02-15 22:46:32', NULL),
(367, 'I26', 'IBUWIN 800', '0.20', '0.07', '0.07', 86, 86, 15, 1, 8, 1, 1, '2021-02-15 22:47:19', NULL),
(368, 'I27', 'ILIADIN GOTAS ADULTO', '7.80', '5.86', '5.86', 0, 0, 1, 1, 12, 1, 1, '2021-02-15 22:48:04', NULL),
(369, 'I28', 'INTRAFER X30 TAB', '18.00', '12.56', '12.56', 1, 1, 1, 1, 1, 1, 1, '2021-02-15 22:48:42', NULL),
(370, 'J2', 'JERINGA 3CC', '10.00', '3.81', '3.81', 0, 0, 1, 1, 1, 1, 1, '2021-02-15 22:49:31', NULL),
(371, 'J3', 'JERINGA 5CC', '15.00', '8.85', '8.85', 0, 0, 1, 1, 1, 1, 1, '2021-02-15 22:50:04', NULL),
(372, 'J4', 'JERINGA INSULINA NITRO', '20.00', '8.85', '8.85', 0, 0, 1, 1, 1, 1, 1, '2021-02-15 22:50:43', NULL),
(373, 'J5', 'JERINGA 10CC', '20.00', '10.62', '10.62', 0, 0, 1, 1, 1, 1, 1, '2021-02-15 22:51:24', NULL),
(374, 'K1', 'KAMILLOSAN SPRAY BUCAL', '14.00', '11.60', '11.60', 1, 1, 1, 1, 8, 1, 1, '2021-02-15 22:52:07', NULL),
(375, 'K4', 'KETOROLACO TAB', '0.50', '0.23', '0.23', 43, 43, 10, 1, 8, 1, 1, '2021-02-15 22:52:55', NULL),
(376, 'K5', 'KIDIFLU 120ML', '11.00', '8.57', '8.57', 0, 0, 1, 1, 7, 1, 1, '2021-02-15 22:53:39', NULL),
(377, 'K6', 'KIDIFLU 60ML', '7.50', '5.00', '5.00', 1, 1, 1, 1, 7, 1, 1, '2021-02-15 22:54:15', NULL),
(378, 'K7', 'KOMILON ', '5.00', '2.61', '2.61', 2, 2, 1, 1, 7, 1, 1, '2021-02-15 22:54:59', NULL),
(379, 'K8', 'KOLEXIDOL ', '0.40', '0.19', '0.19', 58, 58, 10, 1, 8, 1, 1, '2021-02-15 22:55:43', NULL),
(380, 'K9', 'KY GEL LUBRICANTE ', '5.50', '3.46', '3.46', 0, 0, 1, 1, 8, 1, 1, '2021-02-16 14:40:53', NULL),
(381, 'K10', 'KETOCONAZOL MK 2% 30GR', '7.80', '5.22', '5.22', 0, 0, 1, 1, 8, 1, 1, '2021-02-16 14:42:17', NULL),
(382, 'K11', 'KETOCONAZOL SM 15GR', '1.25', '0.53', '0.53', 0, 0, 1, 1, 8, 1, 1, '2021-02-16 14:43:45', NULL),
(383, 'K12', 'KOLICON 30ML', '5.50', '3.69', '3.69', 2, 2, 1, 1, 12, 1, 1, '2021-02-16 14:44:48', NULL),
(384, 'K13', 'KETOPROFENO GEL 60GR', '8.00', '5.18', '5.18', 1, 1, 1, 1, 8, 1, 1, '2021-02-16 14:45:49', NULL),
(385, 'L1', 'LACTACID FEMINA 200ML', '8.50', '5.56', '5.56', 1, 1, 1, 1, 8, 1, 1, '2021-02-16 14:46:53', NULL),
(386, 'L2', 'LACTULAX', '1.45', '0.96', '0.96', 9, 9, 5, 1, 10, 1, 1, '2021-02-16 14:48:06', NULL),
(387, 'L4', 'LANSOPRAZOL INFASA', '0.40', '0.19', '0.19', 0, 0, 5, 1, 8, 1, 1, '2021-02-16 14:49:06', NULL),
(388, 'L5', 'LANSOPRAZOL SAIMED', '1.50', '0.85', '0.85', 13, 13, 5, 1, 9, 1, 1, '2021-02-16 14:50:10', NULL),
(389, 'L6', 'LEVOCETERIZINA', '0.75', '0.38', '0.38', 24, 24, 5, 1, 8, 1, 1, '2021-02-16 14:51:50', NULL),
(390, 'L7', 'LIENDRIN', '0.50', '0.28', '0.28', 0, 0, 5, 1, 10, 1, 1, '2021-02-16 14:53:19', NULL),
(391, 'L8', 'LIOTON GEL', '12.60', '10.09', '10.09', 0, 0, 1, 1, 8, 1, 1, '2021-02-16 14:55:46', NULL),
(392, 'L9', 'LISITRAN RELAX', '0.55', '0.40', '0.40', 0, 0, 1, 1, 8, 1, 1, '2021-02-16 14:56:44', NULL),
(393, 'L13', 'LOPERAMIN 25ML', '4.00', '2.08', '2.08', 0, 0, 1, 1, 8, 1, 1, '2021-02-16 14:58:32', NULL),
(394, 'L14', 'LOPERAMIN CON NEOMICINA', '0.18', '0.11', '0.11', 108, 108, 10, 1, 8, 1, 1, '2021-02-16 14:59:39', NULL),
(395, 'L15', 'LORATADINA 100ML', '4.00', '1.55', '1.55', 0, 0, 1, 1, 7, 1, 1, '2021-02-16 15:01:00', NULL),
(396, 'L16', 'LORATADINA MK 60ML', '8.00', '5.21', '5.21', 0, 0, 1, 1, 7, 1, 1, '2021-02-16 15:02:19', NULL),
(397, 'L17', 'LORATADINA MK ', '0.75', '0.61', '0.61', 0, 0, 10, 1, 8, 1, 1, '2021-02-16 15:03:49', NULL),
(398, 'L18', 'LORATADINA TAB', '0.80', '0.16', '0.16', 0, 0, 5, 1, 9, 1, 1, '2021-02-16 15:05:44', NULL),
(399, 'L20', 'LUBRIOPTIC 15ML', '3.50', '1.96', '1.96', 0, 0, 1, 1, 12, 1, 1, '2021-02-16 15:06:29', NULL),
(400, 'L22', 'LANSOPRAZOL ECO 30MG', '0.40', '0.20', '0.20', 41, 41, 5, 1, 8, 1, 1, '2021-02-16 15:08:16', NULL),
(401, 'L23', 'LACTONATAL 30 CAP', '8.50', '4.87', '4.87', 2, 2, 1, 1, 1, 1, 1, '2021-02-16 15:10:24', NULL),
(402, 'L25', 'LAGRIMAS NATURALES LAFAR 15ML', '9.00', '5.92', '5.92', 0, 0, 1, 1, 12, 1, 1, '2021-02-16 16:26:35', NULL),
(403, 'L26', 'LORALER GAMMA ', '1.00', '0.44', '0.44', 9, 9, 5, 1, 9, 1, 1, '2021-02-16 16:27:30', NULL),
(404, 'M1', 'MAALOX 180ML', '7.50', '5.06', '5.06', 0, 0, 1, 1, 7, 1, 1, '2021-02-16 16:28:16', NULL),
(405, 'M2', 'MAGNESIA CALCINADA ', '2.25', '1.42', '1.42', 8, 8, 5, 1, 10, 1, 1, '2021-02-16 16:29:58', NULL),
(406, 'M3', 'MASCARILLA PARA NEBULARIZAR ADULTO', '3.00', '1.64', '1.64', 1, 1, 1, 1, 8, 1, 1, '2021-02-16 16:31:06', NULL),
(407, 'M4', 'MEDICASP', '10.50', '7.40', '7.40', 2, 2, 1, 1, 8, 1, 1, '2021-02-16 16:32:01', NULL),
(408, 'M5', 'MEDOX ABC 240ML', '13.00', '9.31', '9.31', 0, 0, 1, 1, 7, 1, 1, '2021-02-16 16:33:35', NULL),
(409, 'M6', 'MERTIOLATO 30ML', '2.50', '1.41', '1.41', 0, 0, 1, 1, 8, 1, 1, '2021-02-16 16:34:30', NULL),
(410, 'M8', 'METAMUCIL NATURAL 210GR', '10.00', '6.88', '6.88', 1, 1, 1, 1, 8, 1, 1, '2021-02-16 16:35:32', NULL),
(411, 'M10', 'METILO ', '1.25', '0.54', '0.54', 0, 0, 1, 1, 8, 1, 1, '2021-02-16 16:36:22', NULL),
(412, 'M11', 'METOCARBAMOL+ACETA ECOMED', '0.20', '0.08', '0.08', 0, 0, 10, 1, 8, 1, 1, '2021-02-16 16:39:45', NULL),
(413, 'M12', 'METRONIDAZOL GENFAR', '0.25', '0.12', '0.12', 13, 13, 10, 1, 8, 1, 1, '2021-02-16 16:41:21', NULL),
(414, 'M13', 'METRONIDAZOL 120ML', '5.75', '3.56', '3.56', 0, 0, 1, 1, 7, 1, 1, '2021-02-16 16:41:55', NULL),
(415, 'M14', 'MICROPOR 1 PUL', '1.75', '0.97', '0.97', 7, 7, 3, 1, 8, 1, 1, '2021-02-16 16:43:18', NULL),
(416, 'M15', 'MICROPOR 1/2 PUL', '0.90', '0.94', '0.94', 30, 30, 3, 1, 8, 1, 1, '2021-02-16 16:47:02', NULL),
(417, 'M16', 'MICROPOR 2 PUL', '3.35', '2.07', '2.07', 6, 6, 3, 1, 8, 1, 1, '2021-02-16 16:47:42', NULL),
(418, 'M17', 'MIGASA X100', '0.10', '0.04', '0.04', 91, 91, 10, 1, 8, 1, 1, '2021-02-16 16:48:38', NULL),
(419, 'M18', 'MOMETASONA MK 15GR', '8.20', '6.39', '6.39', 0, 0, 1, 1, 8, 1, 1, '2021-02-16 16:49:10', NULL),
(420, 'M19', 'MUCOANGIN', '0.55', '0.31', '0.31', 0, 0, 10, 1, 8, 1, 1, '2021-02-16 16:50:01', NULL),
(421, 'M20', 'MUCOBROXOL COMPUESTO 120ML', '8.50', '5.89', '5.89', 2, 2, 1, 1, 7, 1, 1, '2021-02-16 16:51:51', NULL),
(422, 'M21', 'MUCOBROXOL 120ML', '5.50', '3.79', '3.79', 2, 2, 1, 1, 7, 1, 1, '2021-02-16 16:52:24', NULL),
(423, 'M22', 'MULTIVITAMINAS SM', '6.00', '3.39', '3.39', 0, 0, 1, 1, 1, 1, 1, '2021-02-16 16:53:13', NULL),
(424, 'M23', 'MULTIVITAMINAS + HIERRO', '5.00', '1.99', '1.99', 0, 0, 1, 1, 1, 1, 1, '2021-02-16 16:53:51', NULL),
(425, 'M24', 'MUS FLEX ', '0.60', '0.33', '0.33', 18, 18, 10, 1, 8, 1, 1, '2021-02-16 16:54:28', NULL),
(426, 'M25', 'METAMUCIL NARANJA', '11.00', '7.35', '7.35', 1, 1, 1, 1, 8, 1, 1, '2021-02-16 16:55:05', NULL),
(427, 'M26', 'MIGRA DORIXINA', '0.60', '0.39', '0.39', 0, 0, 1, 1, 8, 1, 1, '2021-02-16 16:55:47', NULL),
(428, 'M29', 'METRONIDAZOL MK 120ML', '6.00', '4.02', '4.02', 0, 0, 1, 1, 7, 1, 1, '2021-02-16 16:57:07', NULL),
(429, 'M30', 'METICELULOSA 0.5%', '8.00', '5.26', '5.26', 0, 0, 1, 1, 12, 1, 1, '2021-02-16 16:58:02', NULL),
(430, 'M31', 'MULTIVITAMINAS PL 250ML', '7.00', '3.74', '3.74', 0, 0, 1, 1, 7, 1, 1, '2021-02-16 16:58:46', NULL),
(431, 'M32', 'METRO ACNE ', '5.50', '2.65', '2.65', 0, 0, 1, 1, 8, 4, 1, '2021-02-16 16:59:46', NULL),
(432, 'M33', 'MEDILLOSAN SPRAY BUCAL', '9.00', '5.75', '5.75', 0, 0, 1, 1, 8, 1, 1, '2021-02-16 17:00:30', NULL),
(433, 'M34', 'MEDIBRIZ PEDIATRICO', '9.00', '5.62', '5.62', 2, 2, 1, 1, 7, 1, 1, '2021-02-16 17:01:07', NULL),
(434, 'M35', 'METOCARBAMOL 500MG GAMMA', '1.00', '0.41', '0.41', 97, 97, 5, 1, 9, 1, 1, '2021-02-16 17:02:18', NULL),
(435, 'M36', 'MULTIVITAMINAS TAB', '1.25', '0.44', '0.44', 9, 9, 5, 1, 9, 1, 1, '2021-02-16 17:03:02', NULL),
(436, 'M38', 'MAALOX REFLUX 180ML', '9.00', '6.47', '6.47', 0, 0, 1, 1, 7, 1, 1, '2021-02-16 17:03:54', NULL),
(437, 'M39', 'MEDIKOT LAXANTE', '0.18', '0.12', '0.12', 90, 90, 10, 1, 8, 1, 1, '2021-02-16 17:04:47', NULL),
(438, 'M41', 'MAALOX TAB ', '0.25', '0.15', '0.15', 6, 6, 10, 1, 8, 1, 1, '2021-02-16 17:05:43', NULL),
(439, 'M42', 'MEDIBRIZ INFANTIL', '9.00', '5.57', '5.57', 2, 2, 1, 1, 7, 1, 1, '2021-02-16 17:06:35', NULL),
(440, 'M43', 'MAGNISIA PHILLIPS 120ML', '3.65', '2.60', '2.60', 0, 0, 1, 1, 8, 1, 1, '2021-02-16 17:07:32', NULL),
(441, 'M44', 'METRONIDAZOL 500 ECOMED', '0.20', '0.09', '0.09', 100, 100, 10, 1, 8, 1, 1, '2021-02-16 17:08:08', NULL),
(442, 'N1', 'NAFAZOLINE', '3.50', '1.28', '1.28', 1, 1, 1, 1, 12, 1, 1, '2021-02-16 17:08:41', NULL),
(443, 'N2', 'NAPPIL ', '0.20', '0.07', '0.07', 75, 75, 10, 1, 8, 1, 1, '2021-02-16 17:09:43', NULL),
(444, 'N4', 'NAZIL', '4.30', '2.73', '2.73', 3, 3, 1, 1, 12, 1, 1, '2021-02-16 17:10:29', NULL),
(445, 'N5', 'NECTAR PETIT PERA', '0.45', '0.26', '0.26', 0, 0, 3, 1, 8, 5, 1, '2021-02-16 17:11:25', NULL),
(446, 'N6', 'NEO BATRIN ', '4.50', '2.61', '2.61', 0, 0, 1, 1, 8, 1, 1, '2021-02-16 17:11:55', NULL),
(447, 'N7', 'NEOBACINA 15GR', '5.00', '2.66', '2.66', 2, 2, 1, 1, 8, 1, 1, '2021-02-16 17:12:30', NULL),
(448, 'N9', 'NEOBOL 30GR', '6.90', '4.46', '4.46', 1, 1, 1, 1, 8, 1, 1, '2021-02-16 17:13:24', NULL),
(449, 'N10', 'NEOBOL SPRAY', '7.40', '4.79', '4.79', 2, 2, 1, 1, 8, 1, 1, '2021-02-16 17:14:00', NULL),
(450, 'N12', 'NERVIDOCE 12BB', '8.00', '3.76', '3.76', 1, 1, 1, 1, 1, 1, 1, '2021-02-16 17:14:53', NULL),
(451, 'N13', 'NERVIFLORA 120ML', '5.00', '3.23', '3.23', 1, 1, 1, 1, 7, 1, 1, '2021-02-16 17:15:27', NULL),
(452, 'N14', 'NERVIFLORA TAB', '0.30', '0.17', '0.17', 0, 0, 10, 1, 8, 1, 1, '2021-02-16 17:16:04', NULL),
(453, 'N15', 'NERVIOSINA X100 SOBRES', '0.25', '0.06', '0.06', 0, 0, 10, 1, 11, 1, 1, '2021-02-16 17:19:00', NULL),
(454, 'N16', 'NERVITRAN ', '0.25', '0.15', '0.15', 72, 72, 10, 1, 8, 1, 1, '2021-02-16 17:19:42', NULL),
(455, 'N17', 'NERVOTIAMIN', '0.18', '0.10', '0.10', 34, 34, 10, 1, 8, 1, 1, '2021-02-16 17:20:34', NULL),
(456, 'N18', 'NEURO FERRICAL ', '4.00', '2.22', '2.22', 1, 1, 1, 1, 1, 1, 1, '2021-02-16 17:21:31', NULL),
(457, 'N19', 'NUERO CAMPOLON ENERGY X12', '10.00', '5.30', '5.30', 0, 0, 1, 1, 1, 1, 1, '2021-02-16 17:22:20', NULL),
(458, 'N23', 'NEUROBION TAB', '0.35', '0.24', '0.24', 62, 62, 10, 1, 8, 1, 1, '2021-02-16 17:22:55', NULL),
(459, 'N24', 'NEURO-FERRICAL 15BB', '8.00', '3.41', '3.41', 0, 0, 1, 1, 1, 1, 1, '2021-02-16 17:23:40', NULL),
(460, 'N25', 'NEUROGLUTAN BB', '11.00', '7.47', '7.47', 0, 0, 1, 1, 1, 1, 1, '2021-02-16 17:24:24', NULL),
(461, 'N26', 'NEUROGLUTAN TAB', '8.00', '5.36', '5.36', 0, 0, 1, 1, 1, 1, 1, '2021-02-16 17:25:06', NULL),
(462, 'N27', 'NIDAXIL SUSPENSION ', '5.00', '3.02', '3.02', 0, 0, 1, 1, 7, 1, 1, '2021-02-16 17:26:07', NULL),
(463, 'N28', 'NIKZON TAB', '3.00', '2.42', '2.42', 3, 3, 3, 1, 9, 1, 1, '2021-02-16 17:26:58', NULL),
(464, 'N29', 'NISTATINA ARSAL', '4.50', '2.45', '2.45', 2, 2, 1, 1, 12, 1, 1, '2021-02-16 17:27:36', NULL),
(465, 'N30', 'NITAPAX 500MG', '4.50', '2.04', '2.04', 13, 13, 5, 1, 1, 1, 1, '2021-02-16 17:28:29', NULL),
(466, 'N31', 'NODIK 500MG', '10.00', '7.30', '7.30', 0, 0, 1, 1, 1, 1, 1, '2021-02-16 17:29:09', NULL),
(467, 'N32', 'NODIK SUSPENSION 60ML', '9.00', '7.51', '7.51', 0, 0, 1, 1, 7, 1, 1, '2021-02-16 17:29:46', NULL),
(468, 'N35', 'NORMALINA TAB', '6.50', '4.08', '4.08', 1, 1, 1, 1, 1, 1, 1, '2021-02-16 17:30:31', NULL),
(469, 'N36', 'NOVALGINA', '0.10', '0.06', '0.06', 141, 41, 15, 1, 8, 1, 1, '2021-02-17 20:29:38', NULL),
(470, 'N37', 'NOVOMIT', '0.15', '0.07', '0.07', 77, 77, 15, 1, 8, 1, 1, '2021-02-16 17:31:42', NULL),
(471, 'N39', 'NUEVA PERLA X21', '2.60', '1.63', '1.63', 10, 10, 5, 1, 1, 1, 1, '2021-02-16 17:32:18', NULL),
(472, 'N40', 'NUTRIFER L 240ML', '9.00', '4.47', '4.47', 1, 1, 1, 1, 7, 1, 1, '2021-02-16 17:32:57', NULL),
(473, 'N41', 'NUTRIFER VITAMINADO 240ML', '9.00', '4.42', '4.42', 1, 1, 1, 1, 7, 1, 1, '2021-02-16 17:33:36', NULL),
(474, 'N42', 'NECTAR PETIT DURAZNO ', '0.45', '0.27', '0.27', 0, 0, 5, 1, 8, 5, 1, '2021-02-16 17:34:27', NULL),
(475, 'N43', 'NECTAR PETIT MANZANA', '0.45', '0.27', '0.27', 0, 0, 5, 1, 8, 5, 1, '2021-02-16 17:35:26', NULL),
(476, 'N44', 'NIDAXIL TAB', '8.50', '5.78', '5.78', 0, 0, 1, 1, 1, 1, 1, '2021-02-16 17:36:39', NULL),
(477, 'N45', 'NASAKEN ', '4.95', '3.07', '3.07', 2, 2, 1, 1, 8, 1, 1, '2021-02-16 17:37:15', NULL);
INSERT INTO `productos` (`id`, `codigo`, `nombre`, `precio_venta`, `precio_compra`, `costo_unitario`, `existencias`, `inicial`, `stock_minimo`, `inventariable`, `id_unidad`, `id_categoria`, `activo`, `fecha_alta`, `fecha_edit`) VALUES
(478, 'N46', 'NEURO CEREBRAL 20BB', '10.00', '4.42', '4.42', 0, 0, 1, 1, 1, 1, 1, '2021-02-16 17:37:59', NULL),
(479, 'N47', 'NEURO FORTAN X60 ', '8.00', '4.45', '4.45', 4, 4, 1, 1, 1, 1, 1, '2021-02-16 17:38:37', NULL),
(480, 'N48', 'NUTRISON H3 X30', '7.00', '4.09', '4.09', 0, 0, 1, 1, 1, 1, 1, '2021-02-16 17:39:18', NULL),
(481, 'N49', 'NEOMICINA + BACITRACINA ', '4.50', '1.77', '1.77', 0, 0, 1, 1, 8, 1, 1, '2021-02-16 17:40:10', NULL),
(482, 'N50', 'NOR CREZINC TAB', '3.00', '2.18', '2.18', 0, 0, 1, 1, 9, 1, 1, '2021-02-16 17:41:27', NULL),
(483, 'N51', 'NOR AMEB PLUS ', '8.50', '5.93', '5.93', 1, 1, 1, 1, 1, 1, 1, '2021-02-16 17:42:38', NULL),
(484, 'N52', 'NEURO FERRICAL X20', '9.00', '4.25', '4.25', 0, 0, 1, 1, 1, 1, 1, '2021-02-16 17:43:41', NULL),
(485, 'N53', 'NAPROXENO ECOMED', '0.30', '0.22', '0.22', 40, 40, 10, 1, 8, 1, 1, '2021-02-16 17:44:45', NULL),
(486, 'N54', 'NOR CREZINC 120ML', '7.20', '5.10', '5.10', 0, 0, 1, 1, 7, 1, 1, '2021-02-16 17:46:32', NULL),
(487, 'N55', 'NATELE X28', '14.00', '9.56', '9.56', 0, 0, 1, 1, 1, 1, 1, '2021-02-16 17:47:09', NULL),
(488, 'N56', 'NOXAT 30ML', '5.00', '2.21', '2.21', 2, 2, 1, 1, 12, 1, 1, '2021-02-16 17:47:57', NULL),
(489, 'N58', 'NEURO MENTAL 21BB', '10.00', '4.43', '4.43', 2, 2, 1, 1, 1, 1, 1, '2021-02-16 17:48:38', NULL),
(490, 'O1', 'OMEPRAZOL', '1.25', '0.58', '0.58', 5, 5, 10, 1, 9, 1, 1, '2021-02-16 17:49:33', NULL),
(491, 'O2', 'ORALDEX ', '1.60', '1.05', '1.05', 13, 13, 5, 1, 8, 1, 1, '2021-02-16 17:51:10', NULL),
(492, 'O3', 'ORALITE CEREZA ', '2.00', '1.28', '1.28', 0, 0, 3, 1, 8, 1, 1, '2021-02-16 17:52:53', NULL),
(493, 'O4', 'ORALITE COCO', '2.00', '1.33', '1.33', 11, 11, 3, 1, 8, 1, 1, '2021-02-16 17:54:05', NULL),
(494, 'O5', 'ORFLENAFLEX D', '0.35', '0.19', '0.19', 108, 108, 15, 1, 8, 1, 1, '2021-02-16 17:54:50', NULL),
(495, 'O8', 'OTAN 15ML', '6.00', '3.43', '3.43', 0, 0, 1, 1, 12, 1, 1, '2021-02-16 17:55:29', NULL),
(496, 'O9', 'OTIK 10ML', '5.00', '2.65', '2.65', 1, 1, 1, 1, 12, 1, 1, '2021-02-16 17:56:31', NULL),
(497, 'O10', 'OTOFER 15ML', '6.00', '3.87', '3.87', 3, 3, 1, 1, 12, 1, 1, '2021-02-16 17:57:16', NULL),
(498, 'O11', 'OTOMIDIL', '5.00', '4.29', '4.29', 1, 1, 1, 1, 12, 1, 1, '2021-02-16 17:58:07', NULL),
(499, 'O12', 'OVUMIX ', '8.25', '6.01', '6.01', 0, 0, 1, 1, 1, 1, 1, '2021-02-16 17:58:51', NULL),
(500, 'O13', 'ORALITE VITAMINADO', '2.00', '1.33', '1.33', 1, 1, 3, 1, 8, 1, 1, '2021-02-16 17:59:39', NULL),
(501, 'O14', 'OTRIVINA INFANTIL 10ML', '6.75', '4.74', '4.74', 0, 0, 1, 1, 12, 1, 1, '2021-02-16 18:00:36', NULL),
(502, 'O15', 'OTRIVINA SPRAY 10ML', '6.75', '4.38', '4.38', 1, 1, 1, 1, 8, 1, 1, '2021-02-16 18:01:35', NULL),
(503, 'P1', 'PALAGRIP ', '0.25', '0.16', '0.16', 55, 55, 15, 1, 10, 1, 1, '2021-02-16 18:07:48', NULL),
(504, 'P2', 'PANADOL ALERGIA Y SINUSITIS', '0.35', '0.21', '0.21', 41, 41, 10, 1, 10, 1, 1, '2021-02-16 18:08:34', NULL),
(505, 'P3', 'PANADOL DIA ', '0.35', '0.20', '0.20', 1, 0, 10, 1, 10, 1, 1, '2021-02-23 16:58:59', NULL),
(506, 'P4', 'PANADOL EXTRA FUERTE ', '0.20', '0.11', '0.11', 19, 19, 10, 1, 10, 1, 1, '2021-02-16 18:11:49', NULL),
(507, 'P5', 'PANADOL MULTISINTOMAS', '0.35', '0.25', '0.25', 29, 29, 10, 1, 10, 1, 1, '2021-02-16 18:12:24', NULL),
(508, 'P6', 'PANADOL NIÑO', '0.10', '0.06', '0.06', 34, 34, 10, 1, 8, 1, 1, '2021-02-16 18:13:14', NULL),
(509, 'P7', 'PANADOL NOCHE', '0.35', '0.21', '0.21', 28, 28, 10, 1, 10, 1, 1, '2021-02-16 18:13:52', NULL),
(510, 'P8', 'PANADOL ULTRA', '0.25', '0.15', '0.15', 25, 25, 10, 1, 10, 1, 1, '2021-02-16 18:14:26', NULL),
(511, 'P9', 'PARACETAMOL ECOMED', '0.20', '0.07', '0.07', 0, 0, 10, 1, 8, 1, 1, '2021-02-16 18:15:03', NULL),
(512, 'P10', 'PASINERVA', '0.30', '0.15', '0.15', 27, 27, 10, 1, 8, 1, 1, '2021-02-16 18:15:36', NULL),
(513, 'P12', 'PEDIALYTE CEREZA', '2.99', '1.77', '1.77', 4, 4, 3, 1, 8, 1, 1, '2021-02-16 18:16:50', NULL),
(514, 'P13', 'PEDIALYTE COCO', '2.99', '2.07', '2.07', 1, 1, 3, 1, 8, 1, 1, '2021-02-16 19:15:02', NULL),
(515, 'P14', 'PEDIALYTE FRESA', '2.99', '1.75', '1.75', 0, 0, 3, 1, 8, 1, 1, '2021-02-16 19:15:41', NULL),
(516, 'P15', 'PEDIAROL', '1.40', '0.88', '0.88', 13, 13, 3, 1, 10, 1, 1, '2021-02-16 19:16:39', NULL),
(517, 'P16', 'PENICELINA LATA', '1.15', '0.74', '0.74', 9, 9, 3, 1, 8, 1, 1, '2021-02-16 19:17:13', NULL),
(518, 'P17', 'PEPSI LATA', '0.50', '0.37', '0.37', 13, 13, 5, 1, 8, 5, 1, '2021-02-16 19:18:09', NULL),
(519, 'P18', 'PEPTO BISMOL 180ML', '5.00', '3.40', '3.40', 2, 2, 1, 1, 8, 1, 1, '2021-02-16 19:19:02', NULL),
(520, 'P19', 'PEPTO BISMOL 236ML', '7.50', '5.31', '5.31', 1, 1, 1, 1, 8, 1, 1, '2021-02-16 19:19:45', NULL),
(521, 'P20', 'PEPTO GEL 120ML', '3.00', '1.77', '1.77', 0, 0, 1, 1, 7, 1, 1, '2021-02-16 19:20:26', NULL),
(522, 'P21', 'PIRACEBRAL', '12.00', '8.83', '8.83', 0, 0, 1, 1, 1, 1, 1, '2021-02-16 19:21:03', NULL),
(523, 'P22', 'POMADA LA CAMPANA', '1.50', '1.00', '1.00', 0, 0, 3, 1, 8, 1, 1, '2021-02-16 19:21:50', NULL),
(524, 'P23', 'POSTAREXOL 220ML', '4.00', '1.94', '1.94', 0, 0, 1, 1, 7, 1, 1, '2021-02-16 19:23:18', NULL),
(525, 'P24', 'POSTAREXOL TAB', '2.50', '0.97', '0.97', 0, 0, 1, 1, 1, 1, 1, '2021-02-16 19:24:00', NULL),
(526, 'P30', 'PRENATAL FQ', '7.00', '3.97', '3.97', 0, 0, 1, 1, 1, 1, 1, '2021-02-16 19:25:35', NULL),
(527, 'P31', 'PULMOCALCIO 120ML', '3.50', '2.10', '2.10', 0, 0, 1, 1, 7, 1, 1, '2021-02-16 19:26:12', NULL),
(528, 'P32', 'PULMOCALCIO TAB', '1.00', '0.61', '0.61', 10, 10, 5, 1, 9, 1, 1, '2021-02-16 19:26:45', NULL),
(529, 'P33', 'PULMOGRIP JARABE ', '4.00', '1.99', '1.99', 0, 0, 1, 1, 7, 1, 1, '2021-02-16 19:27:45', NULL),
(530, 'P35', 'PYRIDIUM TAB', '0.40', '0.27', '0.27', 3, 3, 10, 1, 8, 1, 1, '2021-02-16 19:28:26', NULL),
(531, 'P36', 'POSTASIL JARABE', '4.30', '2.83', '2.83', 0, 0, 1, 1, 7, 1, 1, '2021-02-16 19:29:12', NULL),
(532, 'P37', 'POSTASIL TAB', '5.50', '3.23', '3.23', 0, 0, 1, 1, 1, 1, 1, '2021-02-16 19:29:43', NULL),
(533, 'P38', 'PASTA GRANUGENA DB', '8.00', '5.09', '5.09', 1, 1, 1, 1, 8, 1, 1, '2021-02-16 19:30:30', NULL),
(534, 'P39', 'PRUEBA DE EMBARAZO', '2.00', '0.55', '0.55', 0, 0, 3, 1, 8, 1, 1, '2021-02-16 19:31:08', NULL),
(535, 'P40', 'PEDIALYTE UVA ', '2.99', '1.77', '1.77', 2, 2, 3, 1, 8, 1, 1, '2021-02-16 19:31:56', NULL),
(536, 'P42', 'PULMOCALCIO CARAMELO', '0.40', '0.23', '0.23', 7, 7, 5, 1, 9, 1, 1, '2021-02-16 19:32:42', NULL),
(537, 'P43', 'PARACETAMOL MK ', '0.30', '0.20', '0.20', 0, 0, 10, 1, 8, 1, 1, '2021-02-16 19:33:21', NULL),
(538, 'P44', 'PROPINOXATO ', '4.35', '2.73', '2.73', 0, 0, 1, 1, 12, 1, 1, '2021-02-16 19:33:59', NULL),
(539, 'P45', 'PEDIALYTE MANZANA', '2.99', '1.95', '1.95', 1, 1, 3, 1, 8, 1, 1, '2021-02-16 19:34:40', NULL),
(540, 'P46', 'POLI-MAGAL 240ML', '9.50', '7.08', '7.08', 0, 0, 1, 1, 7, 1, 1, '2021-02-16 19:36:13', NULL),
(541, 'P48', 'PERENTEROL 250MG', '1.90', '1.24', '1.24', 42, 42, 15, 1, 10, 1, 1, '2021-02-16 19:37:10', NULL),
(542, 'P49', 'PEDIALYTE FRESA DUO', '4.50', '3.19', '3.19', 2, 2, 3, 1, 8, 1, 1, '2021-02-16 19:37:52', NULL),
(543, 'Q1', 'QG5 X10', '7.50', '5.26', '5.26', 0, 0, 1, 1, 8, 1, 1, '2021-02-16 19:38:37', NULL),
(544, 'Q2', 'QG5 X30', '20.00', '14.39', '14.39', 0, 0, 1, 1, 1, 1, 1, '2021-02-17 14:06:19', NULL),
(545, 'Q4', 'QUISTAMED TAB X30', '6.50', '3.55', '3.55', 1, 1, 1, 1, 1, 1, 1, '2021-02-17 14:07:06', NULL),
(546, 'Q5', 'QUISTAMED INFALTIL 120ML', '7.00', '3.98', '3.98', 0, 0, 1, 1, 7, 1, 1, '2021-02-17 14:07:49', NULL),
(547, 'Q7', 'QUISTAMED PLUS ', '9.50', '5.88', '5.88', 0, 0, 1, 1, 1, 1, 1, '2021-02-17 14:08:25', NULL),
(548, 'Q8', 'QUISTAMIZOLE 100ML', '5.50', '3.63', '3.63', 1, 1, 1, 1, 7, 1, 1, '2021-02-17 14:09:20', NULL),
(549, 'R1', 'RABANO YODADO ARGUELLO', '3.00', '1.33', '1.33', 0, 0, 1, 1, 7, 1, 1, '2021-02-17 14:09:59', NULL),
(550, 'R3', 'RECOLECTOR PEDRIATICO ', '0.30', '0.11', '0.11', 75, 75, 10, 1, 8, 1, 1, '2021-02-17 14:10:33', NULL),
(551, 'R5', 'RIÑOFIN TAB', '0.40', '0.20', '0.20', 75, 75, 10, 1, 8, 1, 1, '2021-02-17 14:11:11', NULL),
(552, 'R6', 'ROSA DE MOSQUETA + VITA E', '7.00', '3.80', '3.80', 0, 0, 1, 1, 1, 1, 1, '2021-02-17 14:12:13', NULL),
(553, 'R7', 'ROWATINEX ', '2.50', '1.73', '1.73', 5, 5, 5, 1, 9, 1, 1, '2021-02-17 14:14:26', NULL),
(554, 'R8', 'RINOKEM D 120ML', '5.15', '3.19', '3.19', 1, 1, 1, 1, 7, 1, 1, '2021-02-17 14:15:24', NULL),
(555, 'R9', 'RINOKEM TAB', '0.40', '0.18', '0.18', 26, 26, 10, 1, 8, 1, 1, '2021-02-17 14:16:48', NULL),
(556, 'R10', 'RABANO YODADO LAINEZ', '2.50', '1.37', '1.37', 5, 5, 1, 1, 7, 1, 1, '2021-02-17 14:17:53', NULL),
(557, 'R11', 'REDOXON DOBLE ACCIÓN TAB', '0.40', '0.25', '0.25', 39, 39, 10, 1, 8, 1, 1, '2021-02-17 14:18:53', NULL),
(558, 'R12', 'ROWACHOL ', '2.25', '1.73', '1.73', 10, 10, 5, 1, 9, 1, 1, '2021-02-17 14:19:39', NULL),
(559, 'R13', 'RINOKEM PLUS CAP', '0.20', '0.08', '0.08', 252, 252, 10, 1, 8, 1, 1, '2021-02-17 14:20:19', NULL),
(560, 'R14', 'RECTOCORT-DB 50GR', '13.00', '8.68', '8.68', 2, 2, 1, 1, 8, 1, 1, '2021-02-17 14:21:09', NULL),
(561, 'R15', 'REDOXITO GOMITAS', '3.75', '2.43', '2.43', 1, 1, 1, 1, 10, 1, 1, '2021-02-17 14:21:50', NULL),
(562, 'S1', 'SAL ANDREWS CLASICO', '0.20', '0.10', '0.10', 11, 11, 10, 1, 8, 1, 1, '2021-02-17 14:22:29', NULL),
(563, 'S2', 'SAL ANDREWS LIMON', '0.20', '0.10', '0.10', 33, 33, 10, 1, 8, 1, 1, '2021-02-17 14:23:03', NULL),
(564, 'S6', 'SALUTARIS NARANJA ', '0.50', '0.37', '0.37', 0, 0, 3, 1, 8, 5, 1, '2021-02-17 14:23:58', NULL),
(565, 'S7', 'SALUTARIS SIMPLE', '0.50', '0.37', '0.37', 23, 23, 3, 1, 8, 5, 1, '2021-02-17 14:24:35', NULL),
(566, 'S8', 'SALVADOL MIGRAÑA', '0.30', '0.19', '0.19', 0, 0, 10, 1, 10, 1, 1, '2021-02-17 14:25:22', NULL),
(567, 'S9', 'SALVADOL TODO DOLOR', '0.30', '0.17', '0.17', 1, 1, 10, 1, 10, 1, 1, '2021-02-17 14:26:03', NULL),
(568, 'S10', 'SERTAL GOTA ', '6.90', '4.09', '4.09', 2, 2, 1, 1, 12, 1, 1, '2021-02-17 14:26:45', NULL),
(569, 'S11', 'S.C.I. TAB', '14.00', '8.67', '8.67', 0, 0, 10, 1, 8, 1, 1, '2021-02-17 14:27:41', NULL),
(570, 'S12', 'SECNIDAZOL 4TAB SM', '2.00', '1.06', '1.06', 20, 20, 5, 1, 1, 1, 1, '2021-02-17 14:28:22', NULL),
(571, 'S13', 'SELECTAVIT 220ML', '4.50', '2.30', '2.30', 0, 0, 1, 1, 7, 1, 1, '2021-02-17 14:29:06', NULL),
(572, 'S14', 'SENOKOT X30', '16.00', '11.79', '11.79', 1, 1, 1, 1, 1, 1, 1, '2021-02-17 14:29:43', NULL),
(573, 'S16', 'SERTAL COMPUESTA ', '0.35', '0.22', '0.22', 124, 124, 10, 1, 8, 1, 1, '2021-02-17 14:30:31', NULL),
(574, 'S18', 'SILDENAFIL 100MG SM', '1.00', '0.32', '0.32', 0, 0, 5, 1, 8, 1, 1, '2021-02-17 14:31:26', NULL),
(575, 'S19', 'SILKA MEDIC 30GR', '8.50', '5.76', '5.76', 0, 0, 1, 1, 8, 1, 1, '2021-02-17 14:32:14', NULL),
(576, 'S20', 'SIMETICONA PL 20ML', '4.50', '3.09', '3.09', 2, 2, 1, 1, 12, 1, 1, '2021-02-17 14:33:11', NULL),
(577, 'S21', 'SIMETICONA 20ML SM', '3.00', '1.24', '1.24', 0, 0, 1, 1, 12, 1, 1, '2021-02-17 14:34:01', NULL),
(578, 'S22', 'SIMETICONA SAIMED ', '0.10', '0.11', '0.11', 0, 0, 5, 1, 8, 1, 1, '2021-02-17 14:34:46', NULL),
(579, 'S26', 'SPORT GEL 30G', '3.00', '1.41', '1.41', 0, 0, 1, 1, 8, 1, 1, '2021-02-17 14:36:36', NULL),
(580, 'S27', 'SSN 30ML GAMMA ', '3.50', '1.73', '1.73', 2, 2, 1, 1, 8, 1, 1, '2021-02-17 14:37:28', NULL),
(581, 'S29', 'SUCRASIL ', '0.40', '0.28', '0.28', 8, 8, 5, 1, 10, 1, 1, '2021-02-17 14:38:05', NULL),
(582, 'S31', 'SUDAGRIP CAP ', '0.20', '0.10', '0.10', 71, 71, 10, 1, 8, 1, 1, '2021-02-17 14:38:59', NULL),
(583, 'S32', 'SUDAGRIP 120ML', '4.00', '2.12', '2.12', 0, 0, 1, 1, 7, 1, 1, '2021-02-17 14:39:37', NULL),
(584, 'S33', 'SUDAGRIP GT CAP', '0.35', '0.20', '0.20', 0, 0, 5, 1, 10, 1, 1, '2021-02-17 14:40:22', NULL),
(585, 'S34', 'SUERO NARANJA SOBRE', '0.20', '0.10', '0.10', 41, 41, 5, 1, 10, 1, 1, '2021-02-17 14:41:33', NULL),
(586, 'S35', 'SUERO COCO SOBRE', '0.20', '0.10', '0.10', 97, 97, 5, 1, 10, 1, 1, '2021-02-17 14:42:12', NULL),
(587, 'S36', 'SUERO FRESA SOBRE', '0.20', '0.10', '0.10', 41, 41, 5, 1, 10, 1, 1, '2021-02-17 14:42:47', NULL),
(588, 'S37', 'SUERO VITAMINADO SOBRE', '0.20', '0.10', '0.10', 99, 99, 5, 1, 10, 1, 1, '2021-02-17 14:43:26', NULL),
(589, 'S38', 'SULFADIAZINA DE PLATA', '4.50', '2.50', '2.50', 1, 1, 1, 1, 8, 1, 1, '2021-02-17 14:44:12', NULL),
(590, 'S39', 'SUPER TIAMINA 300', '0.25', '0.12', '0.12', 53, 53, 10, 1, 11, 1, 1, '2021-02-17 14:45:29', NULL),
(591, 'S40', 'SUPOSITORIO GLICERINA ADULTO', '0.50', '0.32', '0.32', 19, 19, 5, 1, 8, 1, 1, '2021-02-17 14:46:49', NULL),
(592, 'S41', 'SUPOSITORIO GLICERINA BEBE', '0.40', '0.28', '0.28', 0, 0, 5, 1, 8, 1, 1, '2021-02-17 14:47:36', NULL),
(593, 'S42', 'SALUTARIS LIMONADA', '0.50', '0.37', '0.37', 13, 13, 5, 1, 8, 5, 1, '2021-02-17 14:48:32', NULL),
(594, 'S43', 'S.S. SPRAY ', '5.50', '3.41', '3.41', 2, 2, 1, 1, 8, 1, 1, '2021-02-17 14:49:28', NULL),
(595, 'S46', 'SANABUCAL SPRAY ', '3.00', '1.77', '1.77', 4, 4, 1, 1, 8, 1, 1, '2021-02-17 14:51:24', NULL),
(596, 'S47', 'SALUTARIS TORONJA ', '0.50', '0.37', '0.37', 4, 4, 3, 1, 8, 5, 1, '2021-02-17 14:52:10', NULL),
(597, 'S48', 'SUPOSITORIO BEBE PARACETAMOL ', '0.80', '0.52', '0.52', 0, 0, 5, 1, 8, 1, 1, '2021-02-17 14:52:50', NULL),
(598, 'S49', 'SEGURA PLUS', '3.15', '2.17', '2.17', 3, 3, 5, 1, 10, 1, 1, '2021-02-17 14:54:01', NULL),
(599, 'S50', 'SIMETIVEN 15ML', '3.50', '2.47', '2.47', 1, 1, 1, 1, 12, 1, 1, '2021-02-17 14:55:23', NULL),
(600, 'S51', 'SAL INGLESA', '0.15', '0.05', '0.05', 40, 40, 10, 1, 10, 1, 1, '2021-02-17 14:56:13', NULL),
(601, 'S52', 'SENSODYNE MENTA FRESA', '5.60', '3.76', '3.76', 2, 2, 1, 1, 8, 1, 1, '2021-02-17 14:57:05', NULL),
(602, 'S53', 'SENSODYNE ORIGINAL', '5.60', '3.76', '3.76', 2, 2, 1, 1, 8, 1, 1, '2021-02-17 14:57:40', NULL),
(603, 'S54', 'SENSODYNE REPARA Y PROTEGE ', '5.60', '4.60', '4.60', 1, 1, 1, 1, 8, 1, 1, '2021-02-17 14:58:31', NULL),
(604, 'S55', 'SENSODYNE ANTISARRO ', '5.60', '3.85', '3.85', 2, 2, 1, 1, 8, 1, 1, '2021-02-17 14:59:27', NULL),
(605, 'S56', 'SENSODYNE RAPIDO ALIVIO', '5.60', '3.94', '3.94', 1, 1, 1, 1, 8, 1, 1, '2021-02-17 15:00:08', NULL),
(606, 'S57', 'SILDENAFIL 100MG MEDIKEM', '1.50', '0.88', '0.88', 14, 14, 5, 1, 8, 1, 1, '2021-02-17 15:01:00', NULL),
(607, 'T1', 'TABCIN NIÑO EFERVECENTE', '0.20', '0.10', '0.10', 0, 0, 10, 1, 8, 1, 1, '2021-02-17 15:01:40', NULL),
(608, 'T2', 'TABCIN AZUL', '0.20', '0.12', '0.12', 98, 98, 10, 1, 8, 1, 1, '2021-02-17 15:02:21', NULL),
(609, 'T3', 'TABCIN GT ', '0.25', '0.14', '0.14', 52, 52, 10, 1, 8, 1, 1, '2021-02-17 15:03:12', NULL),
(610, 'T4', 'TANTUN', '0.50', '0.30', '0.30', 10, 10, 5, 1, 8, 1, 1, '2021-02-17 15:03:48', NULL),
(611, 'T5', 'TES TRANKILO ', '2.00', '0.76', '0.76', 4, 4, 5, 1, 8, 1, 1, '2021-02-17 15:04:28', NULL),
(612, 'T6', 'TESTITON 50MG', '0.75', '0.42', '0.42', 44, 44, 5, 1, 8, 1, 1, '2021-02-17 15:05:20', NULL),
(613, 'T8', 'TEVIRIN ', '1.70', '1.02', '1.02', 11, 11, 5, 1, 8, 1, 1, '2021-02-17 15:06:59', NULL),
(614, 'T10', 'TINTURA DE YODO ROWELT', '2.25', '1.24', '1.24', 1, 1, 1, 1, 8, 1, 1, '2021-02-17 15:08:08', NULL),
(615, 'T11', 'TIO NACHO ENGROSADOR', '9.00', '6.32', '6.32', 0, 0, 1, 1, 8, 4, 1, '2021-02-17 15:31:14', NULL),
(616, 'T12', 'TIO NACHO HERBOLARIA', '8.50', '6.03', '6.03', 0, 0, 1, 1, 8, 4, 1, '2021-02-17 15:30:47', NULL),
(617, 'T13', 'TOMA PARA EMPACHO', '0.75', '0.40', '0.40', 8, 8, 5, 1, 10, 1, 1, '2021-02-17 15:10:09', NULL),
(618, 'T14', 'TOSSEDAL 25ML', '4.50', '2.65', '2.65', 3, 1, 1, 1, 12, 1, 1, '2021-02-17 20:29:38', NULL),
(619, 'T15', 'TOSSULIN ', '0.25', '0.13', '0.13', 42, 42, 10, 1, 10, 1, 1, '2021-02-17 15:12:34', NULL),
(620, 'T16', 'TRAMADOL ECOMED', '0.35', '0.18', '0.18', 132, 132, 10, 1, 8, 1, 1, '2021-02-17 15:13:24', NULL),
(621, 'T18', 'TRES TOROS', '3.00', '1.64', '1.64', 4, 4, 1, 1, 7, 1, 1, '2021-02-17 15:14:04', NULL),
(622, 'T19', 'TRIMETOSE 120ML', '3.75', '2.18', '2.18', 2, 2, 1, 1, 7, 1, 1, '2021-02-17 15:14:53', NULL),
(623, 'T21', 'TYLENOL 120ML', '10.00', '6.51', '6.51', 2, 2, 1, 1, 7, 1, 1, '2021-02-17 15:15:46', NULL),
(624, 'T22', 'TYLENOL 15ML', '6.50', '3.94', '3.94', 1, 1, 1, 1, 12, 1, 1, '2021-02-17 15:16:24', NULL),
(625, 'T23', 'TABCIN KIDS MASTICABLE', '0.15', '0.09', '0.09', 0, 0, 10, 1, 8, 1, 1, '2021-02-17 15:17:14', NULL),
(626, 'T24', 'TOTALVIT PLUS 50ML', '6.50', '3.72', '3.72', 2, 2, 1, 1, 12, 1, 1, '2021-02-17 15:18:19', NULL),
(627, 'T25', 'TOTALVIT TRI 50ML', '7.50', '5.13', '5.13', 0, 0, 1, 1, 12, 1, 1, '2021-02-17 15:19:08', NULL),
(628, 'T26', 'TOTALVIT POLY 50ML', '6.50', '3.72', '3.72', 2, 2, 1, 1, 12, 1, 1, '2021-02-17 15:20:16', NULL),
(629, 'T27', 'TOTALVIT ADC', '7.50', '5.13', '5.13', 0, 0, 1, 1, 12, 1, 1, '2021-02-17 15:20:51', NULL),
(630, 'T28', 'TAUROTONIC 10BB', '7.00', '3.32', '3.32', 0, 0, 1, 1, 1, 1, 1, '2021-02-17 15:21:37', NULL),
(631, 'T30', 'TOSCAMED JBA', '7.50', '3.98', '3.98', 0, 0, 1, 1, 7, 1, 1, '2021-02-17 15:22:27', NULL),
(632, 'T31', 'TOSCAMED PED', '7.50', '4.26', '4.26', 1, 1, 1, 1, 12, 1, 1, '2021-02-17 15:23:15', NULL),
(633, 'T32', 'THROMBOCID 30GR', '7.50', '5.63', '5.63', 1, 1, 1, 1, 8, 1, 1, '2021-02-17 15:24:04', NULL),
(634, 'T33', 'TRANSPULMIN 100ML', '10.00', '5.63', '5.63', 1, 1, 1, 1, 7, 1, 1, '2021-02-17 15:25:54', NULL),
(635, 'T34', 'TABCIN GT GEL ', '0.50', '0.27', '0.27', 0, 0, 5, 1, 10, 1, 1, '2021-02-17 15:26:58', NULL),
(636, 'T35', 'TERMOMETRO ', '1.50', '0.70', '0.70', 1, 1, 1, 1, 8, 1, 1, '2021-02-17 15:27:45', NULL),
(637, 'T36', 'TRICALCIO X30', '5.00', '2.04', '2.04', 0, 0, 1, 1, 1, 1, 1, '2021-02-17 15:28:22', NULL),
(638, 'T37', 'TERBIN SPRAY ', '10.00', '6.64', '6.64', 3, 3, 1, 1, 8, 1, 1, '2021-02-17 15:29:15', NULL),
(639, 'T38', 'TIO NACHO TWO', '13.00', '8.79', '8.79', 0, 0, 1, 1, 8, 4, 1, '2021-02-17 15:30:21', NULL),
(640, 'T39', 'TRICALCIO 220ML', '5.00', '1.99', '1.99', 1, 1, 1, 1, 7, 1, 1, '2021-02-17 15:32:02', NULL),
(641, 'T40', 'TRIGENTAX 20GR', '7.30', '4.69', '4.69', 2, 2, 1, 1, 8, 1, 1, '2021-02-17 15:32:44', NULL),
(642, 'T41', 'TOTALVIT C 500 X30', '8.00', '5.31', '5.31', 0, 0, 1, 1, 1, 1, 1, '2021-02-17 15:33:47', NULL),
(643, 'T42', 'TOSSULIN 120ML', '3.75', '2.32', '2.32', 0, 0, 1, 1, 7, 1, 1, '2021-02-17 15:34:30', NULL),
(644, 'T43', 'TIO NACHO ACLARANTE', '8.00', '5.73', '5.73', 1, 1, 1, 1, 8, 4, 1, '2021-02-17 15:35:56', NULL),
(645, 'T44', 'TESTITON 100MG', '1.35', '0.85', '0.85', 45, 45, 5, 1, 8, 1, 1, '2021-02-17 15:36:40', NULL),
(646, 'T45', 'TE LIPTON DURAZNO', '0.85', '0.63', '0.63', 3, 3, 3, 1, 8, 5, 1, '2021-02-17 15:37:37', NULL),
(647, 'T46', 'TE LIPTON FRAMBUESA', '0.85', '0.63', '0.63', 4, 4, 3, 1, 8, 5, 1, '2021-02-17 15:38:17', NULL),
(648, 'U1', 'ULTRA COREGA 20GR', '3.50', '2.48', '2.48', 0, 0, 1, 1, 8, 1, 1, '2021-02-17 15:38:55', NULL),
(649, 'U2', 'ULTRA COREGA 40GR', '6.50', '4.46', '4.46', 2, 2, 1, 1, 8, 1, 1, '2021-02-17 15:39:36', NULL),
(650, 'U3', 'ULTRA DOCEPLEX 12BB', '9.00', '5.26', '5.26', 2, 2, 1, 1, 1, 1, 1, '2021-02-17 15:40:30', NULL),
(651, 'U4', 'ULTRA DOCEPLEX MEGAMAN', '13.00', '8.14', '8.14', 2, 2, 1, 1, 1, 1, 1, '2021-02-17 15:41:17', NULL),
(652, 'U5', 'ULTRA ESTRES X30', '5.00', '2.06', '2.06', 0, 0, 1, 1, 1, 1, 1, '2021-02-17 15:42:10', NULL),
(653, 'U6', 'ULTRA ESTRES 20BB', '10.00', '6.18', '6.18', 0, 0, 1, 1, 1, 1, 1, '2021-02-17 15:43:53', NULL),
(654, 'U7', 'ULTRA FOSKROL 480ML', '5.00', '2.39', '2.39', 0, 0, 1, 1, 7, 1, 1, '2021-02-17 15:45:03', NULL),
(655, 'U8', 'ULTRA K 120ML', '12.50', '9.69', '9.69', 0, 0, 1, 1, 7, 1, 1, '2021-02-17 15:46:07', NULL),
(656, 'U9', 'UNESIA 20GR', '9.60', '6.52', '6.52', 2, 2, 1, 1, 8, 1, 1, '2021-02-17 15:46:52', NULL),
(657, 'U10', 'URO VAXON ', '15.50', '11.71', '11.71', 1, 1, 1, 1, 9, 1, 1, '2021-02-17 15:47:34', NULL),
(658, 'U11', 'UROFIN POLVO', '0.35', '0.22', '0.22', 38, 38, 10, 1, 10, 1, 1, '2021-02-17 15:48:20', NULL),
(659, 'U12', 'UROFIN TAB', '0.30', '0.17', '0.17', 19, 19, 10, 1, 8, 1, 1, '2021-02-17 15:48:53', NULL),
(660, 'U13', 'UVAMIN RETARD', '6.50', '4.42', '4.42', 4, 4, 1, 1, 9, 1, 1, '2021-02-17 15:49:39', NULL),
(661, 'U14', 'UROGESIC TAB', '0.55', '0.35', '0.35', 69, 69, 10, 1, 8, 1, 1, '2021-02-17 15:50:17', NULL),
(662, 'U16', 'ULTRA DOCEPLEX RAPID ', '11.00', '6.19', '6.19', 2, 2, 1, 1, 1, 1, 1, '2021-02-17 15:52:10', NULL),
(663, 'U17', 'ULTRA DOCEPLEX MEGAWOMAN', '13.00', '8.23', '8.23', 1, 1, 1, 1, 1, 1, 1, '2021-02-17 15:52:50', NULL),
(664, 'U18', 'ULTRA CLEAR 15ML', '4.90', '3.47', '3.47', 1, 1, 1, 1, 12, 1, 1, '2021-02-17 15:54:21', NULL),
(665, 'U19', 'ULTRAMENTAL 20BB', '9.00', '5.04', '5.04', 0, 0, 1, 1, 1, 1, 1, '2021-02-17 15:55:45', NULL),
(666, 'U20', 'ULTRAESTRES 220ML', '4.00', '1.28', '1.28', 2, 2, 1, 1, 7, 1, 1, '2021-02-17 15:56:30', NULL),
(667, 'U21', 'ULTRAESTRES FORTE H-10', '8.00', '4.25', '4.25', 2, 2, 1, 1, 1, 1, 1, '2021-02-17 15:57:24', NULL),
(668, 'V1', 'VAGIL CREMA V 50GR', '19.00', '12.95', '12.95', 0, 0, 1, 1, 8, 1, 1, '2021-02-17 15:58:51', NULL),
(669, 'V2', 'VAGIL OVULO X6', '19.00', '12.95', '12.95', 0, 0, 1, 1, 1, 1, 1, '2021-02-17 16:00:27', NULL),
(670, 'V3', 'VAGINSOL F 20GR', '13.00', '9.21', '9.21', 1, 1, 1, 1, 8, 1, 1, '2021-02-17 16:02:16', NULL),
(671, 'V4', 'VARIX TAB', '5.50', '4.21', '4.21', 0, 0, 1, 1, 1, 1, 1, '2021-02-17 16:02:59', NULL),
(672, 'V6', 'VENDA 2 PUL', '1.30', '0.71', '0.71', 6, 6, 2, 1, 8, 1, 1, '2021-02-17 16:03:42', NULL),
(673, 'V7', 'VENDA 4 PUL', '2.50', '1.45', '1.45', 1, 1, 2, 1, 8, 1, 1, '2021-02-17 16:04:21', NULL),
(674, 'V8', 'VENDA 6 PUL', '3.00', '2.10', '2.10', 2, 2, 2, 1, 8, 1, 1, '2021-02-17 16:04:59', NULL),
(675, 'V9', 'VERMEX 30ML', '3.75', '2.43', '2.43', 2, 2, 1, 1, 7, 1, 1, '2021-02-17 16:05:29', NULL),
(676, 'V10', 'VERMEX TAB', '5.25', '3.40', '3.40', 3, 3, 1, 1, 1, 1, 1, '2021-02-17 16:06:07', NULL),
(677, 'V11', 'VERTIGAL FORTE 15BB', '19.00', '15.64', '15.64', 0, 0, 1, 1, 1, 1, 1, '2021-02-17 16:07:27', NULL),
(678, 'V12', 'VICK 100GR', '6.50', '4.19', '4.19', 1, 1, 1, 1, 8, 1, 1, '2021-02-17 17:07:43', NULL),
(679, 'V13', 'VICK 50GR', '4.25', '3.00', '3.00', 2, 2, 1, 1, 8, 1, 1, '2021-02-17 17:08:19', NULL),
(680, 'V14', 'VICK CARAMELO ', '0.45', '0.39', '0.39', 35, 35, 5, 1, 10, 1, 1, '2021-02-17 17:09:01', NULL),
(681, 'V15 ', 'VICK INHALADOR', '3.50', '2.30', '2.30', 4, 0, 5, 1, 8, 1, 1, '2021-02-17 20:29:39', NULL),
(682, 'V16', 'VICK LATA', '1.00', '0.69', '0.69', 7, 7, 5, 1, 8, 1, 1, '2021-02-17 17:10:31', NULL),
(683, 'V17', 'VINO CORDIAL', '3.25', '1.43', '1.43', 5, 5, 1, 1, 8, 1, 1, '2021-02-17 17:12:26', NULL),
(684, 'V18', 'VIOLETA DE GENCIANA', '2.00', '1.17', '1.17', 3, 3, 1, 1, 8, 1, 1, '2021-02-17 17:13:01', NULL),
(685, 'V19', 'VIRO GRIP GEL CAP AM', '0.50', '0.29', '0.29', 83, 83, 5, 1, 10, 1, 1, '2021-02-17 17:14:03', NULL),
(686, 'V20', 'VIROGRIP GEL CAP PM', '0.50', '0.29', '0.29', 55, 55, 5, 1, 10, 1, 1, '2021-02-17 17:14:47', NULL),
(687, 'V22', 'VIROGRIP TE AM', '0.40', '0.29', '0.29', 18, 18, 5, 1, 10, 1, 1, '2021-02-17 17:15:23', NULL),
(688, 'V23', 'VIROGRIP TE PM', '0.40', '0.29', '0.29', 9, 9, 5, 1, 10, 1, 1, '2021-02-17 17:16:17', NULL),
(689, 'V24', 'VISINE 15ML', '4.25', '2.61', '2.61', 1, 1, 1, 1, 12, 1, 1, '2021-02-17 20:33:23', NULL),
(690, 'V25', 'VITADAK 5', '4.60', '2.65', '2.65', 0, 0, 1, 1, 8, 1, 1, '2021-02-17 17:17:43', NULL),
(691, 'V26', 'VITAGRIP CAP', '0.25', '0.07', '0.07', 17, 17, 10, 1, 11, 1, 1, '2021-02-17 17:18:29', NULL),
(692, 'V27', 'VITAL FUERTE 275ML', '6.50', '3.98', '3.98', 0, 0, 1, 1, 7, 1, 1, '2021-02-17 17:19:05', NULL),
(693, 'V28', 'VITAMICIN 15GR', '5.00', '3.64', '3.64', 0, 0, 1, 1, 8, 1, 1, '2021-02-17 17:20:30', NULL),
(694, 'V30', 'VITAMINA C MK', '2.00', '1.22', '1.22', 0, 0, 5, 1, 9, 1, 1, '2021-02-17 17:21:18', NULL),
(695, 'V31', 'VITASIL OMEGA ', '11.00', '7.31', '7.31', 1, 1, 1, 1, 1, 1, 1, '2021-02-17 17:21:59', NULL),
(696, 'V32', 'VITASIL SOYA 30 CAP', '5.50', '3.37', '3.37', 3, 3, 1, 1, 1, 1, 1, '2021-02-17 17:22:39', NULL),
(697, 'V33', 'VITASIL SOYA CON ALGAS MARINA', '11.00', '7.37', '7.37', 0, 0, 1, 1, 1, 1, 1, '2021-02-17 17:23:18', NULL),
(698, 'V34', 'VIVE AMOR', '1.30', '0.73', '0.73', 4, 4, 5, 1, 10, 1, 1, '2021-02-17 17:24:04', NULL),
(699, 'V35', 'VIVE COLORS', '1.75', '1.19', '1.19', 0, 0, 5, 1, 10, 1, 1, '2021-02-17 17:24:44', NULL),
(700, 'V36', 'VOLTAREN GEL 20GR', '8.50', '5.92', '5.92', 0, 0, 1, 1, 8, 1, 1, '2021-02-17 17:25:21', NULL),
(701, 'V37', 'VICK 44 120ML', '8.50', '5.81', '5.81', 1, 1, 1, 1, 7, 1, 1, '2021-02-17 17:25:59', NULL),
(702, 'V38', 'VIROGRIP 120ML', '4.50', '2.65', '2.65', 2, 2, 1, 1, 7, 1, 1, '2021-02-17 17:26:40', NULL),
(703, 'V39', 'VISION VIJOSA 30 CAP', '11.00', '6.70', '6.70', 0, 0, 1, 1, 1, 1, 1, '2021-02-17 17:27:22', NULL),
(704, 'V41', 'VITAL FUERTE X100', '12.00', '7.74', '7.74', 0, 0, 1, 1, 1, 1, 1, '2021-02-17 17:28:53', NULL),
(705, 'V42', 'VITAL FUERTE X30', '5.75', '3.05', '3.05', 0, 0, 1, 1, 1, 1, 1, '2021-02-17 17:29:30', NULL),
(706, 'V43', 'VENDA 3 PUL', '2.00', '1.28', '1.28', 0, 0, 3, 1, 8, 1, 1, '2021-02-17 17:30:08', NULL),
(707, 'V44', 'VITAMINA E SM', '8.00', '5.53', '5.53', 3, 3, 1, 1, 1, 1, 1, '2021-02-17 17:32:11', NULL),
(708, 'V45', 'VITAMINA C 15BB', '8.00', '3.54', '3.54', 1, 1, 1, 1, 1, 1, 1, '2021-02-17 17:32:47', NULL),
(709, 'V46', 'VITAMINA C 30ML', '4.00', '1.68', '1.68', 0, 0, 1, 1, 12, 1, 1, '2021-02-17 17:33:26', NULL),
(710, 'V47', 'VITADAK 15', '4.00', '3.10', '3.10', 1, 1, 1, 1, 8, 1, 1, '2021-02-17 17:34:01', NULL),
(711, 'V48', 'VITAMINA C ECOMED', '1.50', '0.80', '0.80', 20, 20, 5, 1, 9, 1, 1, '2021-02-17 17:34:33', NULL),
(712, 'V49', 'VITA TOS 4X4', '6.50', '3.54', '3.54', 1, 1, 1, 1, 7, 1, 1, '2021-02-17 17:35:10', NULL),
(713, 'V50', 'VIVE LUBRICANTE FRESA', '0.45', '0.31', '0.31', 8, 8, 1, 1, 10, 1, 1, '2021-02-17 17:36:01', NULL),
(714, 'V51', 'VITAMINA C JBE', '5.00', '2.66', '2.66', 3, 3, 1, 1, 7, 1, 1, '2021-02-17 17:36:38', NULL),
(715, 'V52', 'VIFRON PRENATAL ', '7.00', '3.01', '3.01', 0, 0, 1, 1, 1, 1, 1, '2021-02-17 17:38:03', NULL),
(716, 'V54', 'VITAMINA D VIJOSA', '14.00', '9.73', '9.73', 1, 1, 1, 1, 1, 1, 1, '2021-02-17 17:38:42', NULL),
(717, 'V55', 'VITAMINA C + ROSA CANINA ', '14.00', '9.42', '9.42', 1, 1, 1, 1, 1, 1, 1, '2021-02-17 17:39:39', NULL),
(718, 'V56', 'VIDEZOL 10ML', '2.25', '0.88', '0.88', 2, 2, 1, 1, 7, 1, 1, '2021-02-17 17:40:25', NULL),
(719, 'W1', 'WINANSORB 15ML', '6.00', '3.57', '3.57', 1, 1, 1, 1, 12, 1, 1, '2021-02-17 17:41:11', NULL),
(720, 'W2', 'WINANSORB 60ML', '6.50', '3.80', '3.80', 3, 3, 1, 1, 7, 1, 1, '2021-02-17 17:41:41', NULL),
(721, 'W3', 'WINANSORB TAB', '0.20', '0.11', '0.11', 85, 85, 10, 1, 10, 1, 1, '2021-02-17 17:42:13', NULL),
(722, 'X1', 'XEROGEN', '10.00', '6.19', '6.19', 0, 0, 1, 1, 1, 1, 1, '2021-02-17 17:42:52', NULL),
(723, 'X2', 'XICONEURAL PM', '0.35', '0.21', '0.21', 35, 35, 10, 1, 8, 1, 1, '2021-02-17 17:43:30', NULL),
(724, 'Y1', 'YODOCLORINA', '0.90', '0.67', '0.67', 0, 0, 5, 1, 9, 1, 1, '2021-02-17 17:45:09', NULL),
(725, 'Y2', 'YODOSOL ', '4.25', '2.61', '2.61', 2, 2, 1, 1, 8, 1, 1, '2021-02-17 17:45:44', NULL),
(726, 'Z1', 'ZORRITONE 120ML', '3.75', '2.26', '2.26', 2, 0, 1, 1, 7, 1, 1, '2021-02-17 20:29:38', NULL),
(727, 'Z2', 'ZOXANID 60ML', '9.00', '6.31', '6.31', 0, 0, 1, 1, 7, 1, 1, '2021-02-17 17:47:46', NULL),
(728, 'Z3', 'ZOXANID 30ML', '5.00', '3.01', '3.01', 0, 0, 1, 1, 7, 1, 1, '2021-02-17 17:48:17', NULL),
(729, 'Z4', 'ZINC X60 CAP', '14.00', '9.07', '9.07', 1, 1, 1, 1, 1, 1, 1, '2021-02-17 17:48:57', NULL),
(730, 'V24', 'VISINE 15ML', '4.50', '3.11', '3.11', 2, 0, 1, 1, 12, 1, 0, '2021-02-17 20:33:01', NULL),
(731, 'V57', 'VITAMINA E BK', '6.00', '3.32', '3.32', 0, 0, 1, 1, 1, 1, 1, '2021-02-17 20:38:13', NULL),
(732, 'M45', 'MEPRAK 20MG', '0.30', '0.15', '0.15', 0, 0, 5, 1, 8, 1, 1, '2021-02-17 20:43:41', NULL),
(733, 'I29', 'ILIADIN BEBÉ', '7.80', '5.86', '5.86', 0, 0, 1, 1, 12, 1, 1, '2021-02-17 20:47:48', NULL),
(734, 'B9', 'BECLOXIM 20ML', '6.90', '5.19', '5.19', 0, 0, 1, 1, 12, 1, 1, '2021-02-17 20:52:42', NULL);

-- --------------------------------------------------------

--
-- Estructura de tabla para la tabla `roles`
--

CREATE TABLE `roles` (
  `id` int(11) NOT NULL,
  `nombre` varchar(50) COLLATE utf8_spanish_ci NOT NULL,
  `activo` tinyint(4) NOT NULL,
  `fecha_alta` timestamp NOT NULL DEFAULT current_timestamp() ON UPDATE current_timestamp(),
  `fecha_edit` timestamp NULL DEFAULT NULL
) ENGINE=InnoDB DEFAULT CHARSET=utf8 COLLATE=utf8_spanish_ci;

--
-- Volcado de datos para la tabla `roles`
--

INSERT INTO `roles` (`id`, `nombre`, `activo`, `fecha_alta`, `fecha_edit`) VALUES
(1, 'administrador', 1, '2021-01-12 17:13:48', NULL);

-- --------------------------------------------------------

--
-- Estructura de tabla para la tabla `temporal_compra`
--

CREATE TABLE `temporal_compra` (
  `id` int(11) NOT NULL,
  `folio` int(11) NOT NULL,
  `factura` varchar(20) COLLATE utf8_spanish_ci DEFAULT NULL,
  `id_producto` int(11) NOT NULL,
  `codigo` varchar(20) COLLATE utf8_spanish_ci NOT NULL,
  `nombre` varchar(200) COLLATE utf8_spanish_ci NOT NULL,
  `proveedor` varchar(300) COLLATE utf8_spanish_ci DEFAULT NULL,
  `cantidad` int(11) NOT NULL,
  `precio` decimal(10,2) NOT NULL,
  `subtotal` decimal(10,2) NOT NULL,
  `fecha_alta` date DEFAULT NULL
) ENGINE=InnoDB DEFAULT CHARSET=utf8 COLLATE=utf8_spanish_ci;

--
-- Volcado de datos para la tabla `temporal_compra`
--

INSERT INTO `temporal_compra` (`id`, `folio`, `factura`, `id_producto`, `codigo`, `nombre`, `proveedor`, `cantidad`, `precio`, `subtotal`, `fecha_alta`) VALUES
(39, 2147483647, '243554', 611, 'T5', 'TES TRANKILO ', 'FGD', 1, '0.76', '0.76', '2021-07-09');

-- --------------------------------------------------------

--
-- Estructura de tabla para la tabla `temporal_venta`
--

CREATE TABLE `temporal_venta` (
  `id` int(11) NOT NULL,
  `folio` int(11) NOT NULL,
  `factura` varchar(100) COLLATE utf8_spanish_ci DEFAULT NULL,
  `id_producto` int(11) NOT NULL,
  `codigo` varchar(20) COLLATE utf8_spanish_ci NOT NULL,
  `nombre` varchar(200) COLLATE utf8_spanish_ci NOT NULL,
  `cantidad` int(11) NOT NULL,
  `precio` decimal(10,2) NOT NULL,
  `subtotal` decimal(10,2) NOT NULL,
  `fecha_alta` date DEFAULT NULL
) ENGINE=InnoDB DEFAULT CHARSET=utf8 COLLATE=utf8_spanish_ci;

--
-- Volcado de datos para la tabla `temporal_venta`
--

INSERT INTO `temporal_venta` (`id`, `folio`, `factura`, `id_producto`, `codigo`, `nombre`, `cantidad`, `precio`, `subtotal`, `fecha_alta`) VALUES
(68, 2147483647, '5535', 611, 'T5', 'TES TRANKILO ', 1, '2.00', '2.00', '2021-07-09');

-- --------------------------------------------------------

--
-- Estructura de tabla para la tabla `unidades`
--

CREATE TABLE `unidades` (
  `id` smallint(6) NOT NULL,
  `nombre` varchar(50) COLLATE utf8_spanish_ci NOT NULL,
  `nombre_corto` varchar(10) COLLATE utf8_spanish_ci NOT NULL,
  `activo` tinyint(3) NOT NULL DEFAULT 1,
  `fecha_alta` timestamp NOT NULL DEFAULT current_timestamp() ON UPDATE current_timestamp(),
  `fecha_edit` timestamp NULL DEFAULT NULL
) ENGINE=InnoDB DEFAULT CHARSET=utf8 COLLATE=utf8_spanish_ci;

--
-- Volcado de datos para la tabla `unidades`
--

INSERT INTO `unidades` (`id`, `nombre`, `nombre_corto`, `activo`, `fecha_alta`, `fecha_edit`) VALUES
(1, 'CAJA', 'CAJA', 1, '2021-02-12 18:09:37', '2021-02-12 18:09:37'),
(7, 'FRASCO', 'FRASCO', 1, '2021-02-12 18:07:06', '2021-02-12 18:07:06'),
(8, 'UNIDAD', 'UNIDAD', 1, '2021-02-12 18:07:32', '2021-02-12 18:07:32'),
(9, 'TIRA', 'TIRA', 1, '2021-02-12 18:07:46', '2021-02-12 18:07:46'),
(10, 'SOBRE', 'SOBRE', 1, '2021-02-12 18:08:09', '2021-02-12 18:08:09'),
(11, 'PAR ', 'PAR', 1, '2021-02-12 18:08:21', '2021-02-12 18:08:21'),
(12, 'GOTAS', 'GOTAS', 1, '2021-02-12 18:08:43', '2021-02-12 18:08:43'),
(13, 'PAR', 'PAR', 0, '2021-02-16 17:17:08', '2021-02-16 17:17:08');

-- --------------------------------------------------------

--
-- Estructura de tabla para la tabla `usuarios`
--

CREATE TABLE `usuarios` (
  `id` int(11) NOT NULL,
  `usuario` varchar(30) COLLATE utf8_spanish_ci NOT NULL,
  `password` varchar(130) COLLATE utf8_spanish_ci NOT NULL,
  `nombre` varchar(100) COLLATE utf8_spanish_ci NOT NULL,
  `id_caja` int(11) NOT NULL,
  `id_rol` int(11) NOT NULL,
  `activo` tinyint(4) NOT NULL,
  `fecha_alta` timestamp NOT NULL DEFAULT current_timestamp() ON UPDATE current_timestamp(),
  `fecha_edit` timestamp NULL DEFAULT NULL
) ENGINE=InnoDB DEFAULT CHARSET=utf8 COLLATE=utf8_spanish_ci;

--
-- Volcado de datos para la tabla `usuarios`
--

INSERT INTO `usuarios` (`id`, `usuario`, `password`, `nombre`, `id_caja`, `id_rol`, `activo`, `fecha_alta`, `fecha_edit`) VALUES
(1, 'Venta_Medicina ', '$2y$10$A7OsiOpCCte2zqBDYXd1IOx7XMP5WNQIt2GU3GBv0t0B.CwIf6m/G', 'Venta_Medicina ', 1, 1, 1, '2021-02-12 17:15:02', '2021-02-12 17:15:02'),
(4, 'juan', '$2y$10$xpreP4TP9tx2sWHEhYlUnuG8o.7uAzwmg.4EdYdR64kMMbctmDMgS', 'juan', 1, 1, 1, '2021-02-24 16:16:11', '2021-02-24 16:16:11');

-- --------------------------------------------------------

--
-- Estructura de tabla para la tabla `ventas`
--

CREATE TABLE `ventas` (
  `id` int(11) NOT NULL,
  `folio` varchar(15) COLLATE utf8_spanish_ci NOT NULL,
  `total` decimal(10,2) NOT NULL,
  `fecha_alta` date DEFAULT NULL,
  `id_usuario` int(11) NOT NULL,
  `id_caja` int(11) NOT NULL,
  `id_cliente` int(11) NOT NULL,
  `forma_pago` varchar(30) COLLATE utf8_spanish_ci NOT NULL,
  `activo` tinyint(4) NOT NULL DEFAULT 1
) ENGINE=InnoDB DEFAULT CHARSET=utf8 COLLATE=utf8_spanish_ci;

--
-- Volcado de datos para la tabla `ventas`
--

INSERT INTO `ventas` (`id`, `folio`, `total`, `fecha_alta`, `id_usuario`, `id_caja`, `id_cliente`, `forma_pago`, `activo`) VALUES
(44, '603530953c691', '12.00', '2021-02-23', 1, 1, 1, 'Efectivo', 1),
(45, '60a68779a10b2', '24.00', '2021-05-20', 4, 1, 1, 'Efectivo', 1),
(46, '60a687efa70a7', '12.00', '2021-05-20', 4, 1, 1, 'Efectivo', 0),
(47, '60ac6973516da', '5.00', '2021-05-24', 4, 1, 1, 'Efectivo', 1);

--
-- Índices para tablas volcadas
--

--
-- Indices de la tabla `cajas`
--
ALTER TABLE `cajas`
  ADD PRIMARY KEY (`id`);

--
-- Indices de la tabla `categorias`
--
ALTER TABLE `categorias`
  ADD PRIMARY KEY (`id`);

--
-- Indices de la tabla `clientes`
--
ALTER TABLE `clientes`
  ADD PRIMARY KEY (`id`);

--
-- Indices de la tabla `compras`
--
ALTER TABLE `compras`
  ADD PRIMARY KEY (`id`),
  ADD KEY `fk_compras_usuario` (`id_usuario`);

--
-- Indices de la tabla `configuracion`
--
ALTER TABLE `configuracion`
  ADD PRIMARY KEY (`id`);

--
-- Indices de la tabla `detalle_compra`
--
ALTER TABLE `detalle_compra`
  ADD PRIMARY KEY (`id`),
  ADD KEY `fk_detalle_compra` (`id_compra`);

--
-- Indices de la tabla `detalle_venta`
--
ALTER TABLE `detalle_venta`
  ADD PRIMARY KEY (`id`),
  ADD KEY `id_venta` (`id_venta`);

--
-- Indices de la tabla `productos`
--
ALTER TABLE `productos`
  ADD PRIMARY KEY (`id`),
  ADD KEY `fk_producto_unidad` (`id_unidad`),
  ADD KEY `fk_producto_categoria` (`id_categoria`);

--
-- Indices de la tabla `roles`
--
ALTER TABLE `roles`
  ADD PRIMARY KEY (`id`);

--
-- Indices de la tabla `temporal_compra`
--
ALTER TABLE `temporal_compra`
  ADD PRIMARY KEY (`id`);

--
-- Indices de la tabla `temporal_venta`
--
ALTER TABLE `temporal_venta`
  ADD PRIMARY KEY (`id`);

--
-- Indices de la tabla `unidades`
--
ALTER TABLE `unidades`
  ADD PRIMARY KEY (`id`);

--
-- Indices de la tabla `usuarios`
--
ALTER TABLE `usuarios`
  ADD PRIMARY KEY (`id`),
  ADD KEY `id_caja` (`id_caja`),
  ADD KEY `id_rol` (`id_rol`);

--
-- Indices de la tabla `ventas`
--
ALTER TABLE `ventas`
  ADD PRIMARY KEY (`id`),
  ADD KEY `id_usuario` (`id_usuario`),
  ADD KEY `id_cliente` (`id_cliente`),
  ADD KEY `id_caja` (`id_caja`);

--
-- AUTO_INCREMENT de las tablas volcadas
--

--
-- AUTO_INCREMENT de la tabla `cajas`
--
ALTER TABLE `cajas`
  MODIFY `id` int(11) NOT NULL AUTO_INCREMENT, AUTO_INCREMENT=3;

--
-- AUTO_INCREMENT de la tabla `categorias`
--
ALTER TABLE `categorias`
  MODIFY `id` smallint(6) NOT NULL AUTO_INCREMENT, AUTO_INCREMENT=6;

--
-- AUTO_INCREMENT de la tabla `clientes`
--
ALTER TABLE `clientes`
  MODIFY `id` int(11) NOT NULL AUTO_INCREMENT, AUTO_INCREMENT=3;

--
-- AUTO_INCREMENT de la tabla `compras`
--
ALTER TABLE `compras`
  MODIFY `id` int(11) NOT NULL AUTO_INCREMENT, AUTO_INCREMENT=32;

--
-- AUTO_INCREMENT de la tabla `configuracion`
--
ALTER TABLE `configuracion`
  MODIFY `id` int(11) NOT NULL AUTO_INCREMENT, AUTO_INCREMENT=7;

--
-- AUTO_INCREMENT de la tabla `detalle_compra`
--
ALTER TABLE `detalle_compra`
  MODIFY `id` int(11) NOT NULL AUTO_INCREMENT, AUTO_INCREMENT=41;

--
-- AUTO_INCREMENT de la tabla `detalle_venta`
--
ALTER TABLE `detalle_venta`
  MODIFY `id` int(11) NOT NULL AUTO_INCREMENT, AUTO_INCREMENT=49;

--
-- AUTO_INCREMENT de la tabla `productos`
--
ALTER TABLE `productos`
  MODIFY `id` int(11) NOT NULL AUTO_INCREMENT, AUTO_INCREMENT=735;

--
-- AUTO_INCREMENT de la tabla `roles`
--
ALTER TABLE `roles`
  MODIFY `id` int(11) NOT NULL AUTO_INCREMENT, AUTO_INCREMENT=6;

--
-- AUTO_INCREMENT de la tabla `temporal_compra`
--
ALTER TABLE `temporal_compra`
  MODIFY `id` int(11) NOT NULL AUTO_INCREMENT, AUTO_INCREMENT=41;

--
-- AUTO_INCREMENT de la tabla `temporal_venta`
--
ALTER TABLE `temporal_venta`
  MODIFY `id` int(11) NOT NULL AUTO_INCREMENT, AUTO_INCREMENT=70;

--
-- AUTO_INCREMENT de la tabla `unidades`
--
ALTER TABLE `unidades`
  MODIFY `id` smallint(6) NOT NULL AUTO_INCREMENT, AUTO_INCREMENT=14;

--
-- AUTO_INCREMENT de la tabla `usuarios`
--
ALTER TABLE `usuarios`
  MODIFY `id` int(11) NOT NULL AUTO_INCREMENT, AUTO_INCREMENT=5;

--
-- AUTO_INCREMENT de la tabla `ventas`
--
ALTER TABLE `ventas`
  MODIFY `id` int(11) NOT NULL AUTO_INCREMENT, AUTO_INCREMENT=48;

--
-- Restricciones para tablas volcadas
--

--
-- Filtros para la tabla `compras`
--
ALTER TABLE `compras`
  ADD CONSTRAINT `fk_compras_usuario` FOREIGN KEY (`id_usuario`) REFERENCES `usuarios` (`id`);

--
-- Filtros para la tabla `detalle_compra`
--
ALTER TABLE `detalle_compra`
  ADD CONSTRAINT `fk_detalle_compra` FOREIGN KEY (`id_compra`) REFERENCES `compras` (`id`);

--
-- Filtros para la tabla `detalle_venta`
--
ALTER TABLE `detalle_venta`
  ADD CONSTRAINT `fk_detalle_venta` FOREIGN KEY (`id_venta`) REFERENCES `ventas` (`id`);

--
-- Filtros para la tabla `productos`
--
ALTER TABLE `productos`
  ADD CONSTRAINT `fk_producto_categoria` FOREIGN KEY (`id_categoria`) REFERENCES `categorias` (`id`),
  ADD CONSTRAINT `fk_producto_unidad` FOREIGN KEY (`id_unidad`) REFERENCES `unidades` (`id`);

--
-- Filtros para la tabla `usuarios`
--
ALTER TABLE `usuarios`
  ADD CONSTRAINT `fk_producto_rol` FOREIGN KEY (`id_rol`) REFERENCES `roles` (`id`),
  ADD CONSTRAINT `fk_usuario_caja` FOREIGN KEY (`id_caja`) REFERENCES `cajas` (`id`);
COMMIT;

/*!40101 SET CHARACTER_SET_CLIENT=@OLD_CHARACTER_SET_CLIENT */;
/*!40101 SET CHARACTER_SET_RESULTS=@OLD_CHARACTER_SET_RESULTS */;
/*!40101 SET COLLATION_CONNECTION=@OLD_COLLATION_CONNECTION */;
